"nom du fichier";"temps_debut";"temps_fin";"frequence_mediane";"tadarida_taxon";"tadarida_probabilite";"tadarida_taxon_autre";"observateur_taxon";"observateur_probabilite";"validateur_taxon";"validateur_probabilite"
"Car340289-2021-Pass2-Z12-1623_0_20210930_184800_000";"0.0";3.8;18.0;"noise";0.83;"";"";"";"";""
"Car340289-2021-Pass2-Z12-1623_0_20210930_184805_000";0.1;1.7;14.0;"noise";0.98;"";"";"";"";""
"Car340289-2021-Pass2-Z12-1623_0_20210930_184814_999";0.2;3.1;13.0;"noise";0.97;"";"";"";"";""
"Car340289-2021-Pass2-Z12-1623_0_20210930_184819_998";2.7;2.8;14.0;"noise";0.95;"";"";"";"";""
"Car340289-2021-Pass2-Z12-1623_0_20210930_184824_998";2.3;2.4;13.0;"noise";0.94;"";"";"";"";""
"Car340289-2021-Pass2-Z12-1623_0_20210930_184829_997";0.7;4.9;85.0;"noise";0.92;"";"";"";"";""
"Car340289-2021-Pass2-Z12-1623_0_20210930_184834_997";4.0;4.1;12.0;"noise";0.83;"";"";"";"";""
"Car340289-2021-Pass2-Z12-1623_0_20210930_184839_997";2.0;2.1;13.0;"noise";0.32;"";"";"";"";""
"Car340289-2021-Pass2-Z12-1623_0_20210930_185318_000";0.8;2.6;12.0;"noise";0.24;"";"";"";"";""
"Car340289-2021-Pass2-Z12-1623_0_20210930_185324_000";0.1;1.2;11.0;"noise";0.9;"";"";"";"";""
"Car340289-2021-Pass2-Z12-1623_0_20210930_185720_000";0.1;3.0;11.0;"noise";0.69;"";"";"";"";""
"Car340289-2021-Pass2-Z12-1623_0_20210930_185725_000";0.8;0.9;11.0;"noise";0.12;"piaf";"";"";"";""
"Car340289-2021-Pass2-Z12-1623_0_20210930_185734_999";0.5;4.3;11.0;"noise";0.91;"";"";"";"";""
"Car340289-2021-Pass2-Z12-1623_0_20210930_185739_998";0.5;4.4;10.0;"noise";0.86;"";"";"";"";""
"Car340289-2021-Pass2-Z12-1623_0_20210930_185744_998";0.8;4.4;10.0;"noise";0.55;"";"";"";"";""
"Car340289-2021-Pass2-Z12-1623_0_20210930_185749_997";"0.0";4.7;11.0;"noise";0.23;"Tetvir";"";"";"";""
"Car340289-2021-Pass2-Z12-1623_0_20210930_185754_997";3.1;4.5;10.0;"noise";0.73;"";"";"";"";""
"Car340289-2021-Pass2-Z12-1623_0_20210930_185759_997";"0.0";3.8;10.0;"noise";0.85;"";"";"";"";""
"Car340289-2021-Pass2-Z12-1623_0_20210930_185804_996";0.3;4.9;11.0;"noise";0.9;"";"";"";"";""
"Car340289-2021-Pass2-Z12-1623_0_20210930_185809_996";0.8;1.0;10.0;"noise";0.47;"";"";"";"";""
"Car340289-2021-Pass2-Z12-1623_0_20210930_185946_000";1.3;1.4;7.0;"noise";0.81;"";"";"";"";""
"Car340289-2021-Pass2-Z12-1623_0_20210930_190026_000";0.9;2.1;15.0;"noise";0.84;"";"";"";"";""
"Car340289-2021-Pass2-Z12-1623_0_20210930_190036_000";"0.0";0.1;98.0;"noise";0.52;"";"";"";"";""
"Car340289-2021-Pass2-Z12-1623_0_20210930_190135_000";0.8;0.9;154.0;"noise";0.86;"";"";"";"";""
"Car340289-2021-Pass2-Z12-1623_0_20210930_190139_999";2.5;3.3;11.0;"noise";0.34;"";"";"";"";""
"Car340289-2021-Pass2-Z12-1623_0_20210930_190144_999";0.2;4.3;10.0;"noise";0.68;"";"";"";"";""
"Car340289-2021-Pass2-Z12-1623_0_20210930_190148_000";1.1;1.4;12.0;"noise";0.42;"";"";"";"";""
"Car340289-2021-Pass2-Z12-1623_0_20210930_190154_998";0.3;2.4;12.0;"noise";0.79;"";"";"";"";""
"Car340289-2021-Pass2-Z12-1623_0_20210930_190156_000";0.2;1.4;11.0;"noise";0.11;"Phogri";"";"";"";""
"Car340289-2021-Pass2-Z12-1623_0_20210930_190208_000";0.6;0.7;12.0;"noise";0.95;"";"";"";"";""
"Car340289-2021-Pass2-Z12-1623_0_20210930_190212_000";0.4;0.6;10.0;"noise";0.63;"";"";"";"";""
"Car340289-2021-Pass2-Z12-1623_0_20210930_190220_000";1.9;2.0;12.0;"noise";0.95;"";"";"";"";""
"Car340289-2021-Pass2-Z12-1623_0_20210930_190338_000";1.8;1.9;11.0;"noise";0.92;"";"";"";"";""
"Car340289-2021-Pass2-Z12-1623_0_20210930_190344_000";0.5;0.6;14.0;"noise";0.95;"";"";"";"";""
"Car340289-2021-Pass2-Z12-1623_0_20210930_190432_000";0.9;1.0;11.0;"noise";0.93;"";"";"";"";""
"Car340289-2021-Pass2-Z12-1623_0_20210930_190440_000";1.9;2.0;9.0;"noise";0.94;"";"";"";"";""
"Car340289-2021-Pass2-Z12-1623_0_20210930_190508_000";0.4;1.4;16.0;"noise";0.96;"";"";"";"";""
"Car340289-2021-Pass2-Z12-1623_0_20210930_190740_000";0.8;1.1;13.0;"noise";0.94;"";"";"";"";""
"Car340289-2021-Pass2-Z12-1623_0_20210930_190749_999";0.6;0.7;10.0;"noise";0.92;"";"";"";"";""
"Car340289-2021-Pass2-Z12-1623_0_20210930_190804_998";4.4;4.5;16.0;"noise";0.93;"";"";"";"";""
"Car340289-2021-Pass2-Z12-1623_0_20210930_190809_997";1.8;1.9;16.0;"noise";0.9;"";"";"";"";""
"Car340289-2021-Pass2-Z12-1623_0_20210930_190819_997";4.5;4.6;10.0;"noise";0.95;"";"";"";"";""
"Car340289-2021-Pass2-Z12-1623_0_20210930_190824_996";1.6;1.7;9.0;"noise";0.91;"";"";"";"";""
"Car340289-2021-Pass2-Z12-1623_0_20210930_191010_000";0.9;1.7;13.0;"noise";0.85;"";"";"";"";""
"Car340289-2021-Pass2-Z12-1623_0_20210930_191056_000";0.9;1.0;57.0;"noise";0.81;"";"";"";"";""
"Car340289-2021-Pass2-Z12-1623_0_20210930_191738_000";0.9;1.1;14.0;"piaf";0.98;"";"";"";"";""
"Car340289-2021-Pass2-Z12-1623_0_20210930_191800_000";1.0;1.1;15.0;"piaf";0.97;"";"";"";"";""
"Car340289-2021-Pass2-Z12-1623_0_20210930_191824_000";1.0;1.1;16.0;"piaf";0.54;"";"";"";"";""
"Car340289-2021-Pass2-Z12-1623_0_20210930_191904_000";2.3;4.5;14.0;"noise";0.92;"";"";"";"";""
"Car340289-2021-Pass2-Z12-1623_0_20210930_191904_000";4.1;4.2;14.0;"piaf";0.98;"";"";"";"";""
"Car340289-2021-Pass2-Z12-1623_0_20210930_191910_000";0.5;0.8;12.0;"noise";0.92;"";"";"";"";""
"Car340289-2021-Pass2-Z12-1623_0_20210930_191916_000";0.9;1.3;14.0;"piaf";0.3;"";"";"";"";""
"Car340289-2021-Pass2-Z12-1623_0_20210930_191926_000";0.1;2.2;12.0;"noise";0.93;"";"";"";"";""
"Car340289-2021-Pass2-Z12-1623_0_20210930_191930_000";1.6;1.9;14.0;"piaf";0.54;"";"";"";"";""
"Car340289-2021-Pass2-Z12-1623_0_20210930_191936_000";0.9;1.6;13.0;"piaf";0.97;"";"";"";"";""
"Car340289-2021-Pass2-Z12-1623_0_20210930_191944_000";1.7;1.8;15.0;"piaf";0.87;"";"";"";"";""
"Car340289-2021-Pass2-Z12-1623_0_20210930_191950_000";2.0;2.1;17.0;"noise";0.94;"";"";"";"";""
"Car340289-2021-Pass2-Z12-1623_0_20210930_191950_000";1.2;1.3;14.0;"piaf";0.88;"";"";"";"";""
"Car340289-2021-Pass2-Z12-1623_0_20210930_191954_000";0.4;1.2;17.0;"piaf";0.58;"";"";"";"";""
"Car340289-2021-Pass2-Z12-1623_0_20210930_192004_000";"0.0";1.7;12.0;"noise";0.64;"";"";"";"";""
"Car340289-2021-Pass2-Z12-1623_0_20210930_192008_000";0.2;0.5;13.0;"Eupsp";0.23;"noise";"";"";"";""
"Car340289-2021-Pass2-Z12-1623_0_20210930_192008_000";0.4;1.3;13.0;"piaf";0.4;"";"";"";"";""
"Car340289-2021-Pass2-Z12-1623_0_20210930_192138_000";0.9;1.1;15.0;"piaf";0.98;"";"";"";"";""
"Car340289-2021-Pass2-Z12-1623_0_20210930_192144_000";0.9;1.1;14.0;"piaf";0.98;"";"";"";"";""
"Car340289-2021-Pass2-Z12-1623_0_20210930_192150_000";0.9;1.1;15.0;"piaf";0.44;"";"";"";"";""
"Car340289-2021-Pass2-Z12-1623_0_20210930_192154_000";1.2;1.3;14.0;"piaf";0.69;"";"";"";"";""
"Car340289-2021-Pass2-Z12-1623_0_20210930_192200_000";0.2;1.3;14.0;"noise";0.34;"piaf";"";"";"";""
"Car340289-2021-Pass2-Z12-1623_0_20210930_192210_000";0.7;1.1;13.0;"piaf";0.88;"";"";"";"";""
"Car340289-2021-Pass2-Z12-1623_0_20210930_192216_000";0.5;0.8;18.0;"noise";0.77;"";"";"";"";""
"Car340289-2021-Pass2-Z12-1623_0_20210930_192218_000";1.3;1.4;15.0;"noise";0.5;"";"";"";"";""
"Car340289-2021-Pass2-Z12-1623_0_20210930_192218_000";"0.0";1.2;14.0;"piaf";0.98;"";"";"";"";""
"Car340289-2021-Pass2-Z12-1623_0_20210930_192226_000";0.9;1.9;14.0;"piaf";0.99;"";"";"";"";""
"Car340289-2021-Pass2-Z12-1623_0_20210930_192256_000";0.3;1.4;12.0;"noise";0.95;"";"";"";"";""
"Car340289-2021-Pass2-Z12-1623_0_20210930_192256_000";0.9;1.0;13.0;"piaf";0.39;"";"";"";"";""
"Car340289-2021-Pass2-Z12-1623_0_20210930_193716_000";0.9;1.1;15.0;"piaf";0.99;"";"";"";"";""
"Car340289-2021-Pass2-Z12-1623_0_20210930_194010_000";0.9;1.1;16.0;"noise";0.77;"";"";"";"";""
"Car340289-2021-Pass2-Z12-1623_0_20210930_194606_000";0.6;1.6;11.0;"noise";0.71;"";"";"";"";""
"Car340289-2021-Pass2-Z12-1623_0_20210930_195134_000";0.4;0.5;11.0;"noise";0.78;"";"";"";"";""
"Car340289-2021-Pass2-Z12-1623_0_20210930_195134_000";"0.0";2.4;46.0;"Pippip";0.98;"";"";"";"";""
"Car340289-2021-Pass2-Z12-1623_0_20210930_195146_000";2.1;2.2;16.0;"noise";0.84;"";"";"";"";""
"Car340289-2021-Pass2-Z12-1623_0_20210930_195146_000";0.8;3.3;48.0;"Pippip";0.99;"";"";"";"";""
"Car340289-2021-Pass2-Z12-1623_0_20210930_195224_000";0.1;3.0;47.0;"Pippip";0.99;"";"";"";"";""
"Car340289-2021-Pass2-Z12-1623_0_20210930_195234_000";0.8;1.7;47.0;"Pippip";0.99;"";"";"";"";""
"Car340289-2021-Pass2-Z12-1623_0_20210930_195248_000";"0.0";5.0;18.0;"Phanan";0.11;"";"";"";"";""
"Car340289-2021-Pass2-Z12-1623_0_20210930_195248_000";0.4;5.0;48.0;"Pippip";0.99;"";"";"";"";""
"Car340289-2021-Pass2-Z12-1623_0_20210930_195256_000";0.9;2.7;48.0;"Pippip";0.98;"";"";"";"";""
"Car340289-2021-Pass2-Z12-1623_0_20210930_195312_000";0.7;1.6;46.0;"Pippip";0.99;"";"";"";"";""
"Car340289-2021-Pass2-Z12-1623_0_20210930_195316_000";1.0;1.1;16.0;"noise";0.51;"";"";"";"";""
"Car340289-2021-Pass2-Z12-1623_0_20210930_195316_000";"0.0";2.6;46.0;"Pippip";0.99;"";"";"";"";""
"Car340289-2021-Pass2-Z12-1623_0_20210930_195344_000";4.7;5.0;26.0;"noise";0.64;"";"";"";"";""
"Car340289-2021-Pass2-Z12-1623_0_20210930_195344_000";0.4;5.0;51.0;"Pippip";0.99;"";"";"";"";""
"Car340289-2021-Pass2-Z12-1623_0_20210930_195349_000";0.4;0.8;20.0;"noise";0.83;"";"";"";"";""
"Car340289-2021-Pass2-Z12-1623_0_20210930_195349_000";"0.0";3.4;49.0;"Pippip";0.99;"";"";"";"";""
"Car340289-2021-Pass2-Z12-1623_0_20210930_195544_000";0.1;4.7;19.0;"noise";0.93;"";"";"";"";""
"Car340289-2021-Pass2-Z12-1623_0_20210930_195544_000";0.1;5.0;55.0;"Pippip";0.98;"";"";"";"";""
"Car340289-2021-Pass2-Z12-1623_0_20210930_195549_000";"0.0";4.1;33.0;"noise";0.83;"";"";"";"";""
"Car340289-2021-Pass2-Z12-1623_0_20210930_195549_000";"0.0";5.0;56.0;"Pippip";0.98;"";"";"";"";""
"Car340289-2021-Pass2-Z12-1623_0_20210930_195553_999";"0.0";1.5;52.0;"Pippip";0.69;"";"";"";"";""
"Car340289-2021-Pass2-Z12-1623_0_20210930_195726_000";0.2;1.1;18.0;"noise";0.93;"";"";"";"";""
"Car340289-2021-Pass2-Z12-1623_0_20210930_195726_000";0.9;1.8;48.0;"Pippip";0.97;"";"";"";"";""
"Car340289-2021-Pass2-Z12-1623_0_20210930_195854_000";0.6;1.5;16.0;"noise";0.91;"";"";"";"";""
"Car340289-2021-Pass2-Z12-1623_0_20210930_195910_000";2.3;2.5;91.0;"noise";0.82;"";"";"";"";""
"Car340289-2021-Pass2-Z12-1623_0_20210930_195910_000";0.9;3.3;75.0;"Rhifer";0.99;"";"";"";"";""
"Car340289-2021-Pass2-Z12-1623_0_20210930_200134_000";1.0;4.0;14.0;"noise";0.66;"";"";"";"";""
"Car340289-2021-Pass2-Z12-1623_0_20210930_200134_000";"0.0";4.6;39.0;"Pipnat";0.72;"";"";"";"";""
"Car340289-2021-Pass2-Z12-1623_0_20210930_200150_000";1.4;4.9;15.0;"noise";0.76;"";"";"";"";""
"Car340289-2021-Pass2-Z12-1623_0_20210930_200150_000";"0.0";5.0;41.0;"Pipkuh";0.96;"";"";"";"";""
"Car340289-2021-Pass2-Z12-1623_0_20210930_200155_000";1.2;4.4;14.0;"noise";0.86;"";"";"";"";""
"Car340289-2021-Pass2-Z12-1623_0_20210930_200155_000";"0.0";3.3;40.0;"Pipkuh";0.98;"";"";"";"";""
"Car340289-2021-Pass2-Z12-1623_0_20210930_200159_999";1.7;2.9;17.0;"noise";0.81;"";"";"";"";""
"Car340289-2021-Pass2-Z12-1623_0_20210930_200159_999";2.4;2.5;19.0;"Phanan";0.04;"Tetvir, Pippip, Phogri";"";"";"";""
"Car340289-2021-Pass2-Z12-1623_0_20210930_200218_000";0.6;1.1;78.0;"Rhifer";0.99;"";"";"";"";""
"Car340289-2021-Pass2-Z12-1623_0_20210930_200454_000";0.7;4.4;104.0;"Rhihip";0.99;"";"";"";"";""
"Car340289-2021-Pass2-Z12-1623_0_20210930_200708_000";1.4;1.5;14.0;"noise";0.61;"";"";"";"";""
"Car340289-2021-Pass2-Z12-1623_0_20210930_200708_000";0.9;1.8;110.0;"Rhihip";0.99;"";"";"";"";""
"Car340289-2021-Pass2-Z12-1623_0_20210930_200830_000";0.8;1.9;16.0;"noise";0.82;"";"";"";"";""
"Car340289-2021-Pass2-Z12-1623_0_20210930_200830_000";0.4;2.0;107.0;"Rhihip";0.99;"";"";"";"";""
"Car340289-2021-Pass2-Z12-1623_0_20210930_200836_000";0.9;1.8;57.0;"Minsch";0.92;"";"";"";"";""
"Car340289-2021-Pass2-Z12-1623_0_20210930_200848_000";1.9;2.0;20.0;"noise";0.79;"";"";"";"";""
"Car340289-2021-Pass2-Z12-1623_0_20210930_200848_000";0.4;4.6;56.0;"Minsch";0.41;"";"";"";"";""
"Car340289-2021-Pass2-Z12-1623_0_20210930_200848_000";1.8;4.1;77.0;"Rhifer";0.99;"";"";"";"";""
"Car340289-2021-Pass2-Z12-1623_0_20210930_200936_000";0.8;1.6;49.0;"noise";0.85;"";"";"";"";""
"Car340289-2021-Pass2-Z12-1623_0_20210930_200936_000";0.9;2.3;58.0;"Pippip";0.58;"";"";"";"";""
"Car340289-2021-Pass2-Z12-1623_0_20210930_200936_000";1.5;1.7;42.0;"Testes";0.04;"Inssp5, Yposp, Tetvir, Leppun";"";"";"";""
"Car340289-2021-Pass2-Z12-1623_0_20210930_201000_000";0.4;1.7;13.0;"noise";0.89;"";"";"";"";""
"Car340289-2021-Pass2-Z12-1623_0_20210930_201236_000";0.8;1.3;37.0;"noise";0.7;"";"";"";"";""
"Car340289-2021-Pass2-Z12-1623_0_20210930_201236_000";"0.0";1.2;15.0;"Tetvir";0.03;"Phogri, Phanan";"";"";"";""
"Car340289-2021-Pass2-Z12-1623_0_20210930_201534_000";0.9;1.5;14.0;"noise";0.95;"";"";"";"";""
"Car340289-2021-Pass2-Z12-1623_0_20210930_201728_000";0.1;1.7;16.0;"noise";0.75;"";"";"";"";""
"Car340289-2021-Pass2-Z12-1623_0_20210930_201728_000";0.5;0.6;40.0;"Pipkuh";0.17;"";"";"";"";""
"Car340289-2021-Pass2-Z12-1623_0_20210930_202120_000";0.9;2.1;17.0;"noise";0.95;"";"";"";"";""
"Car340289-2021-Pass2-Z12-1623_0_20210930_202514_000";2.3;2.5;154.0;"noise";0.79;"";"";"";"";""
"Car340289-2021-Pass2-Z12-1623_0_20210930_202514_000";0.9;4.4;78.0;"Rhifer";0.99;"";"";"";"";""
"Car340289-2021-Pass2-Z12-1623_0_20210930_203148_000";0.2;3.9;41.0;"Pipkuh";0.96;"";"";"";"";""
"Car340289-2021-Pass2-Z12-1623_0_20210930_203430_000";2.4;4.9;32.0;"noise";0.8;"";"";"";"";""
"Car340289-2021-Pass2-Z12-1623_0_20210930_203430_000";0.1;5.0;65.0;"Pippip";0.97;"";"";"";"";""
"Car340289-2021-Pass2-Z12-1623_0_20210930_203435_000";2.7;3.7;18.0;"noise";0.85;"";"";"";"";""
"Car340289-2021-Pass2-Z12-1623_0_20210930_203435_000";"0.0";5.0;60.0;"Pippip";0.98;"";"";"";"";""
"Car340289-2021-Pass2-Z12-1623_0_20210930_203438_000";1.5;2.5;13.0;"noise";0.86;"";"";"";"";""
"Car340289-2021-Pass2-Z12-1623_0_20210930_203438_000";"0.0";5.0;57.0;"Pippip";0.96;"";"";"";"";""
"Car340289-2021-Pass2-Z12-1623_0_20210930_203439_999";2.7;2.9;58.0;"noise";0.47;"";"";"";"";""
"Car340289-2021-Pass2-Z12-1623_0_20210930_203439_999";0.2;4.9;64.0;"Pippip";0.91;"";"";"";"";""
"Car340289-2021-Pass2-Z12-1623_0_20210930_203443_000";"0.0";0.1;52.0;"Pippip";0.29;"";"";"";"";""
"Car340289-2021-Pass2-Z12-1623_0_20210930_203444_999";"0.0";0.1;111.0;"noise";0.96;"";"";"";"";""
"Car340289-2021-Pass2-Z12-1623_0_20210930_203714_000";0.4;1.6;51.0;"Minsch";0.95;"";"";"";"";""
"Car340289-2021-Pass2-Z12-1623_0_20210930_204246_000";0.9;3.0;46.0;"Pippip";0.98;"";"";"";"";""
"Car340289-2021-Pass2-Z12-1623_0_20210930_204318_000";0.8;1.3;53.0;"Minsch";0.97;"";"";"";"";""
"Car340289-2021-Pass2-Z12-1623_0_20210930_205006_000";2.7;4.7;14.0;"noise";0.84;"";"";"";"";""
"Car340289-2021-Pass2-Z12-1623_0_20210930_205006_000";"0.0";5.0;45.0;"Pipkuh";0.97;"";"";"";"";""
"Car340289-2021-Pass2-Z12-1623_0_20210930_205011_000";0.1;2.6;40.0;"Pipkuh";0.97;"";"";"";"";""
"Car340289-2021-Pass2-Z12-1623_0_20210930_205118_000";0.5;3.4;54.0;"Minsch";0.96;"";"";"";"";""
"Car340289-2021-Pass2-Z12-1623_0_20210930_205118_000";0.5;0.6;15.0;"noise";0.92;"";"";"";"";""
"Car340289-2021-Pass2-Z12-1623_0_20210930_205123_000";1.5;1.6;16.0;"noise";0.94;"";"";"";"";""
"Car340289-2021-Pass2-Z12-1623_0_20210930_205202_996";0.5;3.5;14.0;"noise";0.96;"";"";"";"";""
"Car340289-2021-Pass2-Z12-1623_0_20210930_205224_000";3.4;4.8;93.0;"noise";0.84;"";"";"";"";""
"Car340289-2021-Pass2-Z12-1623_0_20210930_205224_000";0.4;5.0;48.0;"Pipkuh";0.97;"";"";"";"";""
"Car340289-2021-Pass2-Z12-1623_0_20210930_205229_000";1.3;1.4;134.0;"noise";0.18;"";"";"";"";""
"Car340289-2021-Pass2-Z12-1623_0_20210930_205229_000";"0.0";3.5;39.0;"Pipkuh";0.98;"";"";"";"";""
"Car340289-2021-Pass2-Z12-1623_0_20210930_205233_999";1.0;1.1;14.0;"noise";0.92;"";"";"";"";""
"Car340289-2021-Pass2-Z12-1623_0_20210930_205243_998";3.5;5.0;49.0;"Pippip";0.99;"";"";"";"";""
"Car340289-2021-Pass2-Z12-1623_0_20210930_205248_998";"0.0";0.3;51.0;"Pippip";0.98;"";"";"";"";""
"Car340289-2021-Pass2-Z12-1623_0_20210930_205448_000";0.9;1.4;54.0;"Minsch";0.15;"";"";"";"";""
"Car340289-2021-Pass2-Z12-1623_0_20210930_205548_000";0.6;4.2;26.0;"noise";0.86;"";"";"";"";""
"Car340289-2021-Pass2-Z12-1623_0_20210930_205548_000";0.4;4.2;48.0;"Pipkuh";0.16;"";"";"";"";""
"Car340289-2021-Pass2-Z12-1623_0_20210930_205608_000";2.6;4.2;108.0;"noise";0.83;"";"";"";"";""
"Car340289-2021-Pass2-Z12-1623_0_20210930_205608_000";0.3;5.0;41.0;"Pipnat";0.47;"Pipkuh";"";"";"";""
"Car340289-2021-Pass2-Z12-1623_0_20210930_205613_000";1.7;2.7;15.0;"noise";0.75;"";"";"";"";""
"Car340289-2021-Pass2-Z12-1623_0_20210930_205613_000";"0.0";1.4;39.0;"Pipkuh";0.97;"";"";"";"";""
"Car340289-2021-Pass2-Z12-1623_0_20210930_205613_000";0.2;4.6;51.0;"Pippyg";0.87;"";"";"";"";""
"Car340289-2021-Pass2-Z12-1623_0_20210930_205808_000";0.4;2.1;56.0;"Minsch";0.91;"";"";"";"";""
"Car340289-2021-Pass2-Z12-1623_0_20210930_205904_000";0.5;1.2;101.0;"Rhieur";0.99;"";"";"";"";""
"Car340289-2021-Pass2-Z12-1623_0_20210930_210032_000";2.0;4.5;101.0;"noise";0.51;"";"";"";"";""
"Car340289-2021-Pass2-Z12-1623_0_20210930_210032_000";"0.0";5.0;38.0;"Pipnat";0.79;"";"";"";"";""
"Car340289-2021-Pass2-Z12-1623_0_20210930_210037_000";"0.0";3.1;37.0;"Pipnat";0.76;"";"";"";"";""
"Car340289-2021-Pass2-Z12-1623_0_20210930_210054_000";0.6;3.0;52.0;"Minsch";0.97;"";"";"";"";""
"Car340289-2021-Pass2-Z12-1623_0_20210930_210059_000";3.7;5.0;45.0;"Pippip";0.97;"";"";"";"";""
"Car340289-2021-Pass2-Z12-1623_0_20210930_210103_999";0.1;4.1;45.0;"Pippip";0.98;"";"";"";"";""
"Car340289-2021-Pass2-Z12-1623_0_20210930_210104_000";0.4;1.1;40.0;"Pipnat";0.5;"";"";"";"";""
"Car340289-2021-Pass2-Z12-1623_0_20210930_210114_000";0.3;2.0;40.0;"Pipkuh";0.97;"";"";"";"";""
"Car340289-2021-Pass2-Z12-1623_0_20210930_211016_000";1.1;3.1;10.0;"noise";0.87;"";"";"";"";""
"Car340289-2021-Pass2-Z12-1623_0_20210930_211016_000";0.9;2.8;52.0;"Pippyg";0.9;"";"";"";"";""
"Car340289-2021-Pass2-Z12-1623_0_20210930_211024_000";1.5;1.6;9.0;"noise";0.95;"";"";"";"";""
"Car340289-2021-Pass2-Z12-1623_0_20210930_211024_000";0.7;1.8;56.0;"Minsch";0.23;"Pippyg";"";"";"";""
"Car340289-2021-Pass2-Z12-1623_0_20210930_211100_000";0.4;2.1;54.0;"Minsch";0.96;"";"";"";"";""
"Car340289-2021-Pass2-Z12-1623_0_20210930_211100_000";2.5;2.6;20.0;"noise";0.82;"";"";"";"";""
"Car340289-2021-Pass2-Z12-1623_0_20210930_211230_000";0.9;1.1;22.0;"Pippip";0.34;"";"";"";"";""
"Car340289-2021-Pass2-Z12-1623_0_20210930_211316_000";0.9;1.1;13.0;"noise";0.66;"";"";"";"";""
"Car340289-2021-Pass2-Z12-1623_0_20210930_211358_000";0.7;1.2;11.0;"noise";0.87;"";"";"";"";""
"Car340289-2021-Pass2-Z12-1623_0_20210930_211412_000";0.9;1.1;23.0;"noise";0.86;"";"";"";"";""
"Car340289-2021-Pass2-Z12-1623_0_20210930_211524_000";0.9;1.5;22.0;"Pippip";0.07;"noise";"";"";"";""
"Car340289-2021-Pass2-Z12-1623_0_20210930_211916_000";0.3;2.7;20.0;"Isopyr";0.98;"";"";"";"";""
"Car340289-2021-Pass2-Z12-1623_0_20210930_211916_000";0.3;2.7;22.0;"Pippip";0.06;"noise";"";"";"";""
"Car340289-2021-Pass2-Z12-1623_0_20210930_212226_000";0.6;5.0;36.0;"Hypsav";0.55;"";"";"";"";""
"Car340289-2021-Pass2-Z12-1623_0_20210930_212226_000";3.4;5.0;49.0;"Pippip";0.96;"";"";"";"";""
"Car340289-2021-Pass2-Z12-1623_0_20210930_212231_000";0.2;3.6;35.0;"Hypsav";0.83;"";"";"";"";""
"Car340289-2021-Pass2-Z12-1623_0_20210930_212856_000";"0.0";1.9;16.0;"noise";0.08;"Tetvir";"";"";"";""
"Car340289-2021-Pass2-Z12-1623_0_20210930_212908_000";0.1;1.8;15.0;"noise";0.44;"";"";"";"";""
"Car340289-2021-Pass2-Z12-1623_0_20210930_213150_000";4.5;4.6;18.0;"Phanan";0.17;"";"";"";"";""
"Car340289-2021-Pass2-Z12-1623_0_20210930_213150_000";0.1;4.8;38.0;"Pipnat";0.71;"";"";"";"";""
"Car340289-2021-Pass2-Z12-1623_0_20210930_213155_000";"0.0";2.5;37.0;"Pipnat";0.59;"";"";"";"";""
"Car340289-2021-Pass2-Z12-1623_0_20210930_213858_000";0.9;1.2;13.0;"noise";0.41;"";"";"";"";""
"Car340289-2021-Pass2-Z12-1623_0_20210930_214120_000";1.5;1.6;52.0;"noise";0.05;"Yposp";"";"";"";""
"Car340289-2021-Pass2-Z12-1623_0_20210930_214120_000";0.9;1.6;54.0;"Minsch";0.88;"";"";"";"";""
"Car340289-2021-Pass2-Z12-1623_0_20210930_214124_000";0.2;1.4;54.0;"Minsch";0.95;"";"";"";"";""
"Car340289-2021-Pass2-Z12-1623_0_20210930_214124_000";0.9;1.3;12.0;"noise";0.81;"";"";"";"";""
"Car340289-2021-Pass2-Z12-1623_0_20210930_214148_000";0.2;2.7;53.0;"Minsch";0.75;"";"";"";"";""
"Car340289-2021-Pass2-Z12-1623_0_20210930_214200_000";0.8;3.9;56.0;"Minsch";0.98;"";"";"";"";""
"Car340289-2021-Pass2-Z12-1623_0_20210930_214214_000";0.2;4.4;56.0;"Minsch";0.98;"";"";"";"";""
"Car340289-2021-Pass2-Z12-1623_0_20210930_214214_000";2.9;4.4;27.0;"noise";0.96;"";"";"";"";""
"Car340289-2021-Pass2-Z12-1623_0_20210930_214219_000";"0.0";0.1;143.0;"noise";0.98;"";"";"";"";""
"Car340289-2021-Pass2-Z12-1623_0_20210930_214650_000";4.2;4.3;13.0;"noise";0.81;"";"";"";"";""
"Car340289-2021-Pass2-Z12-1623_0_20210930_214650_000";0.4;4.8;49.0;"Pippip";0.85;"";"";"";"";""
"Car340289-2021-Pass2-Z12-1623_0_20210930_214654_000";0.6;2.1;55.0;"Minsch";0.97;"";"";"";"";""
"Car340289-2021-Pass2-Z12-1623_0_20210930_214654_000";0.1;0.2;7.0;"noise";0.93;"";"";"";"";""
"Car340289-2021-Pass2-Z12-1623_0_20210930_214655_000";0.2;1.0;46.0;"Pippip";0.96;"";"";"";"";""
"Car340289-2021-Pass2-Z12-1623_0_20210930_215058_000";0.5;4.9;53.0;"Pippyg";0.97;"";"";"";"";""
"Car340289-2021-Pass2-Z12-1623_0_20210930_215126_000";0.9;1.1;22.0;"noise";0.81;"";"";"";"";""
"Car340289-2021-Pass2-Z12-1623_0_20210930_215132_000";3.3;3.4;10.0;"noise";0.93;"";"";"";"";""
"Car340289-2021-Pass2-Z12-1623_0_20210930_215132_000";0.3;3.8;49.0;"Pippip";0.99;"";"";"";"";""
"Car340289-2021-Pass2-Z12-1623_0_20210930_215236_000";0.9;1.1;15.0;"noise";0.19;"";"";"";"";""
"Car340289-2021-Pass2-Z12-1623_0_20210930_215606_000";2.6;2.9;15.0;"noise";0.66;"";"";"";"";""
"Car340289-2021-Pass2-Z12-1623_0_20210930_215606_000";0.8;2.9;39.0;"Pipkuh";0.98;"";"";"";"";""
"Car340289-2021-Pass2-Z12-1623_0_20210930_215752_000";0.9;1.1;13.0;"noise";0.86;"";"";"";"";""
"Car340289-2021-Pass2-Z12-1623_0_20210930_220000_000";4.2;4.3;14.0;"noise";0.64;"";"";"";"";""
"Car340289-2021-Pass2-Z12-1623_0_20210930_220000_000";0.6;3.8;49.0;"Pippyg";0.75;"";"";"";"";""
"Car340289-2021-Pass2-Z12-1623_0_20210930_220029_997";3.2;3.3;17.0;"noise";0.84;"";"";"";"";""
"Car340289-2021-Pass2-Z12-1623_0_20210930_220039_997";1.8;1.9;13.0;"noise";0.25;"";"";"";"";""
"Car340289-2021-Pass2-Z12-1623_0_20210930_220150_000";"0.0";2.2;45.0;"Myonat";0.19;"Myodau";"";"";"";""
"Car340289-2021-Pass2-Z12-1623_0_20210930_220154_000";0.1;1.4;26.0;"Pleaus";0.45;"";"";"";"";""
"Car340289-2021-Pass2-Z12-1623_0_20210930_220314_000";0.3;2.0;33.0;"Hypsav";0.95;"";"";"";"";""
"Car340289-2021-Pass2-Z12-1623_0_20210930_220518_000";0.9;1.5;22.0;"Nyclei";0.97;"";"";"";"";""
"Car340289-2021-Pass2-Z12-1623_0_20210930_220538_000";0.8;2.2;40.0;"Pipkuh";0.98;"";"";"";"";""
"Car340289-2021-Pass2-Z12-1623_0_20210930_220756_000";0.9;1.1;100.0;"Rhieur";0.22;"";"";"";"";""
"Car340289-2021-Pass2-Z12-1623_0_20210930_220926_000";0.4;5.0;48.0;"Pippip";0.99;"";"";"";"";""
"Car340289-2021-Pass2-Z12-1623_0_20210930_220931_000";0.1;0.2;47.0;"Pippip";0.96;"";"";"";"";""
"Car340289-2021-Pass2-Z12-1623_0_20210930_220945_998";2.3;4.6;24.0;"noise";0.62;"";"";"";"";""
"Car340289-2021-Pass2-Z12-1623_0_20210930_220945_998";0.9;4.2;23.0;"Pippip";0.8;"";"";"";"";""
"Car340289-2021-Pass2-Z12-1623_0_20210930_220950_000";0.9;1.9;53.0;"Minsch";0.81;"";"";"";"";""
"Car340289-2021-Pass2-Z12-1623_0_20210930_220950_998";"0.0";0.1;22.0;"noise";0.04;"Pippip, Tetvir, Rusnit, Pipkuh";"";"";"";""
"Car340289-2021-Pass2-Z12-1623_0_20210930_221056_000";0.9;1.1;15.0;"noise";0.64;"";"";"";"";""
"Car340289-2021-Pass2-Z12-1623_0_20210930_221254_000";2.0;3.2;29.0;"noise";0.43;"";"";"";"";""
"Car340289-2021-Pass2-Z12-1623_0_20210930_221254_000";0.2;5.0;54.0;"Pippip";0.99;"";"";"";"";""
"Car340289-2021-Pass2-Z12-1623_0_20210930_221259_000";"0.0";3.2;51.0;"Pippip";0.99;"";"";"";"";""
"Car340289-2021-Pass2-Z12-1623_0_20210930_221558_000";2.0;3.5;97.0;"noise";0.87;"";"";"";"";""
"Car340289-2021-Pass2-Z12-1623_0_20210930_221558_000";0.2;5.0;56.0;"Pippyg";0.94;"";"";"";"";""
"Car340289-2021-Pass2-Z12-1623_0_20210930_221603_000";"0.0";0.6;56.0;"Pippyg";0.9;"";"";"";"";""
"Car340289-2021-Pass2-Z12-1623_0_20210930_221622_998";0.2;0.3;20.0;"noise";0.83;"";"";"";"";""
"Car340289-2021-Pass2-Z12-1623_0_20210930_221816_000";1.0;1.1;9.0;"noise";0.22;"piaf";"";"";"";""
"Car340289-2021-Pass2-Z12-1623_0_20210930_221828_000";1.0;1.1;12.0;"noise";0.51;"";"";"";"";""
"Car340289-2021-Pass2-Z12-1623_0_20210930_221846_000";1.0;5.0;10.0;"noise";0.65;"";"";"";"";""
"Car340289-2021-Pass2-Z12-1623_0_20210930_221916_000";4.6;4.7;15.0;"noise";0.95;"";"";"";"";""
"Car340289-2021-Pass2-Z12-1623_0_20210930_221925_999";3.8;3.9;12.0;"noise";0.93;"";"";"";"";""
"Car340289-2021-Pass2-Z12-1623_0_20210930_222348_000";0.2;4.3;49.0;"Pippip";0.99;"";"";"";"";""
"Car340289-2021-Pass2-Z12-1623_0_20210930_222954_000";3.3;4.0;127.0;"noise";0.75;"";"";"";"";""
"Car340289-2021-Pass2-Z12-1623_0_20210930_222954_000";0.5;4.9;44.0;"Pipkuh";0.98;"";"";"";"";""
"Car340289-2021-Pass2-Z12-1623_0_20210930_222959_000";0.1;4.0;40.0;"Pipkuh";0.99;"";"";"";"";""
"Car340289-2021-Pass2-Z12-1623_0_20210930_223003_999";1.5;2.6;13.0;"noise";0.94;"";"";"";"";""
"Car340289-2021-Pass2-Z12-1623_0_20210930_223004_000";"0.0";4.7;52.0;"Pippyg";0.37;"Minsch";"";"";"";""
"Car340289-2021-Pass2-Z12-1623_0_20210930_223013_998";4.4;4.5;9.0;"noise";0.9;"";"";"";"";""
"Car340289-2021-Pass2-Z12-1623_0_20210930_223018_998";1.3;1.4;24.0;"noise";0.85;"";"";"";"";""
"Car340289-2021-Pass2-Z12-1623_0_20210930_223033_997";"0.0";0.1;10.0;"noise";0.78;"";"";"";"";""
"Car340289-2021-Pass2-Z12-1623_0_20210930_223424_000";2.9;4.0;15.0;"noise";0.94;"";"";"";"";""
"Car340289-2021-Pass2-Z12-1623_0_20210930_223424_000";0.9;4.9;54.0;"Pippyg";0.97;"";"";"";"";""
"Car340289-2021-Pass2-Z12-1623_0_20210930_223429_000";"0.0";1.5;53.0;"Pippyg";0.95;"";"";"";"";""
"Car340289-2021-Pass2-Z12-1623_0_20210930_223456_000";0.8;5.0;49.0;"Pippip";0.99;"";"";"";"";""
"Car340289-2021-Pass2-Z12-1623_0_20210930_223501_000";0.2;1.7;48.0;"Pippip";0.99;"";"";"";"";""
"Car340289-2021-Pass2-Z12-1623_0_20210930_223716_000";0.8;2.2;15.0;"noise";0.47;"";"";"";"";""
"Car340289-2021-Pass2-Z12-1623_0_20210930_223800_000";0.4;2.2;52.0;"Pippip";0.98;"";"";"";"";""
"Car340289-2021-Pass2-Z12-1623_0_20210930_223806_000";0.4;4.0;54.0;"Pippip";0.99;"";"";"";"";""
"Car340289-2021-Pass2-Z12-1623_0_20210930_223940_000";0.9;1.4;11.0;"Tadten";0.09;"Mimasp, noise";"";"";"";""
"Car340289-2021-Pass2-Z12-1623_0_20210930_223944_000";0.9;1.1;11.0;"piaf";0.08;"noise, Tadten";"";"";"";""
"Car340289-2021-Pass2-Z12-1623_0_20210930_223948_000";0.9;1.1;11.0;"piaf";0.09;"noise";"";"";"";""
"Car340289-2021-Pass2-Z12-1623_0_20210930_224044_000";0.9;1.5;18.0;"noise";0.76;"";"";"";"";""
"Car340289-2021-Pass2-Z12-1623_0_20210930_224228_000";0.1;5.0;60.0;"Pippip";0.94;"";"";"";"";""
"Car340289-2021-Pass2-Z12-1623_0_20210930_224233_000";"0.0";0.1;38.0;"noise";0.07;"Yposp";"";"";"";""
"Car340289-2021-Pass2-Z12-1623_0_20210930_224233_000";"0.0";0.2;62.0;"Myoema";0.35;"";"";"";"";""
"Car340289-2021-Pass2-Z12-1623_0_20210930_224240_000";0.6;5.0;46.0;"Pippip";0.99;"";"";"";"";""
"Car340289-2021-Pass2-Z12-1623_0_20210930_224245_000";0.1;1.3;45.0;"Pippip";0.98;"";"";"";"";""
"Car340289-2021-Pass2-Z12-1623_0_20210930_224248_000";0.7;1.6;47.0;"Pippip";0.97;"";"";"";"";""
"Car340289-2021-Pass2-Z12-1623_0_20210930_224254_000";0.2;4.0;48.0;"Pippip";0.99;"";"";"";"";""
"Car340289-2021-Pass2-Z12-1623_0_20210930_224346_000";2.2;2.3;10.0;"noise";0.78;"";"";"";"";""
"Car340289-2021-Pass2-Z12-1623_0_20210930_224346_000";0.9;5.0;63.0;"Pippip";0.99;"";"";"";"";""
"Car340289-2021-Pass2-Z12-1623_0_20210930_224351_000";0.6;1.7;20.0;"noise";0.87;"";"";"";"";""
"Car340289-2021-Pass2-Z12-1623_0_20210930_224351_000";"0.0";4.6;53.0;"Pippip";0.98;"";"";"";"";""
"Car340289-2021-Pass2-Z12-1623_0_20210930_224438_000";0.9;1.9;19.0;"noise";0.07;"";"";"";"";""
"Car340289-2021-Pass2-Z12-1623_0_20210930_224516_000";0.9;1.7;22.0;"Tetvir";0.02;"Pippip, Nyclei, Eptser, Yposp, Yerray, Yerbey, Vesmur, Urosp, Tyllil, Thycor, Tetpyg, Tetarg, Testes, Tadten, Sepsep, Rusnit, Roeroe, Rhihip, Rhifer, Rhieur, Rhasp, Ratnor, Plemac, Pleaus, Pleaur, Plasab, Plaint, Plafal, Plaalb, Plaaff, Pippyg, Pipnat, Pipkuh, piaf, Phogri, Phofem, Phanan, Phafal, Nycnoc, Nyclas, Myonat, Myomys, MyoGT, Myoema, Myodau, Myogla, Myocap, Myobec, Myoalc, Mussp, Minsch, Mimasp, Micagr, Metbra, mamm, Leppun, Lepbos, Lepalb, Lamsp., Isopyr, Inssp8, Inssp7, Inssp5, Insp12, Insp11, Insp10, Hypsav, gril, Eupsp, Eptnil, Epheph, Decalb, Cyrscu, Cympud, criq, Confus, Tetarg, Barfis, Barbar, Antsp, amph";"";"";"";""
"Car340289-2021-Pass2-Z12-1623_0_20210930_224516_000";0.9;1.6;12.0;"noise";0.08;"";"";"";"";""
"Car340289-2021-Pass2-Z12-1623_0_20210930_224740_000";0.7;5.0;45.0;"Pippip";0.98;"";"";"";"";""
"Car340289-2021-Pass2-Z12-1623_0_20210930_224745_000";"0.0";3.3;45.0;"Pippip";0.99;"";"";"";"";""
"Car340289-2021-Pass2-Z12-1623_0_20210930_224908_000";0.2;2.3;53.0;"Pippip";0.96;"";"";"";"";""
"Car340289-2021-Pass2-Z12-1623_0_20210930_225100_000";"0.0";3.4;49.0;"Pippip";0.99;"";"";"";"";""
"Car340289-2021-Pass2-Z12-1623_0_20210930_225354_000";0.3;4.9;52.0;"Pippip";0.99;"";"";"";"";""
"Car340289-2021-Pass2-Z12-1623_0_20210930_225358_000";0.4;1.4;46.0;"Pippip";0.97;"";"";"";"";""
"Car340289-2021-Pass2-Z12-1623_0_20210930_225359_000";0.5;0.6;23.0;"Nyclei";0.09;"";"";"";"";""
"Car340289-2021-Pass2-Z12-1623_0_20210930_225359_000";"0.0";1.8;50.0;"Pippip";0.99;"";"";"";"";""
"Car340289-2021-Pass2-Z12-1623_0_20210930_225444_000";0.9;2.2;16.0;"noise";0.88;"";"";"";"";""
"Car340289-2021-Pass2-Z12-1623_0_20210930_225444_000";0.8;2.7;49.0;"Pippip";0.99;"";"";"";"";""
"Car340289-2021-Pass2-Z12-1623_0_20210930_225458_000";0.6;1.2;11.0;"noise";0.97;"";"";"";"";""
"Car340289-2021-Pass2-Z12-1623_0_20210930_225458_000";0.3;1.8;21.0;"Pippip";0.71;"";"";"";"";""
"Car340289-2021-Pass2-Z12-1623_0_20210930_225508_000";0.3;1.1;19.0;"Pippip";0.78;"";"";"";"";""
"Car340289-2021-Pass2-Z12-1623_0_20210930_225526_000";1.5;1.6;11.0;"noise";0.89;"";"";"";"";""
"Car340289-2021-Pass2-Z12-1623_0_20210930_225526_000";0.2;1.1;20.0;"Nycnoc";0.06;"";"";"";"";""
"Car340289-2021-Pass2-Z12-1623_0_20210930_225536_000";0.3;4.7;47.0;"Pippip";0.98;"";"";"";"";""
"Car340289-2021-Pass2-Z12-1623_0_20210930_225541_000";"0.0";0.6;50.0;"Pippip";0.97;"";"";"";"";""
"Car340289-2021-Pass2-Z12-1623_0_20210930_225658_000";0.5;5.0;51.0;"Pippyg";0.95;"";"";"";"";""
"Car340289-2021-Pass2-Z12-1623_0_20210930_225703_000";0.1;0.5;50.0;"Pippip";0.62;"";"";"";"";""
"Car340289-2021-Pass2-Z12-1623_0_20210930_225737_997";4.1;4.2;133.0;"noise";0.63;"";"";"";"";""
"Car340289-2021-Pass2-Z12-1623_0_20210930_225737_997";1.5;5.0;49.0;"Pippip";0.99;"";"";"";"";""
"Car340289-2021-Pass2-Z12-1623_0_20210930_225742_996";4.9;5.0;19.0;"noise";0.81;"";"";"";"";""
"Car340289-2021-Pass2-Z12-1623_0_20210930_225742_996";"0.0";1.8;46.0;"Pippip";0.99;"";"";"";"";""
"Car340289-2021-Pass2-Z12-1623_0_20210930_225747_996";3.1;3.3;50.0;"Pippip";0.81;"";"";"";"";""
"Car340289-2021-Pass2-Z12-1623_0_20210930_225814_000";0.9;2.2;13.0;"noise";0.9;"";"";"";"";""
"Car340289-2021-Pass2-Z12-1623_0_20210930_230052_000";0.6;4.8;45.0;"Myodau";0.22;"Myonat";"";"";"";""
"Car340289-2021-Pass2-Z12-1623_0_20210930_230052_000";1.5;4.5;35.0;"noise";0.45;"";"";"";"";""
"Car340289-2021-Pass2-Z12-1623_0_20210930_230052_000";0.7;5.0;60.0;"Pippip";0.97;"";"";"";"";""
"Car340289-2021-Pass2-Z12-1623_0_20210930_230054_000";"0.0";2.0;40.0;"Myodau";0.28;"";"";"";"";""
"Car340289-2021-Pass2-Z12-1623_0_20210930_230054_000";0.5;1.9;51.0;"Pippip";0.98;"";"";"";"";""
"Car340289-2021-Pass2-Z12-1623_0_20210930_230057_000";0.1;2.0;38.0;"Myodau";0.07;"";"";"";"";""
"Car340289-2021-Pass2-Z12-1623_0_20210930_230057_000";"0.0";2.1;51.0;"Pippip";0.97;"";"";"";"";""
"Car340289-2021-Pass2-Z12-1623_0_20210930_230152_000";0.9;1.5;13.0;"noise";0.87;"";"";"";"";""
"Car340289-2021-Pass2-Z12-1623_0_20210930_230158_000";0.9;2.2;13.0;"noise";0.16;"";"";"";"";""
"Car340289-2021-Pass2-Z12-1623_0_20210930_230208_000";0.9;1.1;49.0;"Pippip";0.12;"Pippyg";"";"";"";""
"Car340289-2021-Pass2-Z12-1623_0_20210930_230214_000";0.3;2.6;12.0;"noise";0.88;"";"";"";"";""
"Car340289-2021-Pass2-Z12-1623_0_20210930_230224_000";1.0;1.7;17.0;"noise";0.13;"piaf";"";"";"";""
"Car340289-2021-Pass2-Z12-1623_0_20210930_230224_000";"0.0";0.1;51.0;"Pippyg";0.11;"";"";"";"";""
"Car340289-2021-Pass2-Z12-1623_0_20210930_230230_000";0.2;1.6;10.0;"piaf";0.27;"noise";"";"";"";""
"Car340289-2021-Pass2-Z12-1623_0_20210930_230236_000";0.7;3.7;13.0;"piaf";0.17;"noise";"";"";"";""
"Car340289-2021-Pass2-Z12-1623_0_20210930_230250_000";1.2;4.0;16.0;"noise";0.44;"";"";"";"";""
"Car340289-2021-Pass2-Z12-1623_0_20210930_230250_000";1.4;5.0;14.0;"piaf";0.39;"";"";"";"";""
"Car340289-2021-Pass2-Z12-1623_0_20210930_230254_000";1.0;2.0;13.0;"noise";0.79;"";"";"";"";""
"Car340289-2021-Pass2-Z12-1623_0_20210930_230254_000";0.2;0.3;13.0;"Tadten";0.12;"";"";"";"";""
"Car340289-2021-Pass2-Z12-1623_0_20210930_230255_000";"0.0";5.0;15.0;"piaf";0.29;"";"";"";"";""
"Car340289-2021-Pass2-Z12-1623_0_20210930_230255_000";0.2;5.0;10.0;"Tetvir";0.15;"noise";"";"";"";""
"Car340289-2021-Pass2-Z12-1623_0_20210930_230259_999";"0.0";0.4;14.0;"piaf";0.95;"";"";"";"";""
"Car340289-2021-Pass2-Z12-1623_0_20210930_230316_000";0.3;1.1;11.0;"piaf";0.18;"";"";"";"";""
"Car340289-2021-Pass2-Z12-1623_0_20210930_230320_000";0.3;1.9;12.0;"noise";0.17;"";"";"";"";""
"Car340289-2021-Pass2-Z12-1623_0_20210930_230338_000";0.8;1.2;12.0;"noise";0.73;"";"";"";"";""
"Car340289-2021-Pass2-Z12-1623_0_20210930_230344_000";0.3;0.4;11.0;"noise";0.19;"";"";"";"";""
"Car340289-2021-Pass2-Z12-1623_0_20210930_230410_000";1.0;1.1;16.0;"piaf";0.1;"noise";"";"";"";""
"Car340289-2021-Pass2-Z12-1623_0_20210930_230444_000";0.9;1.1;26.0;"Nyclei";0.39;"";"";"";"";""
"Car340289-2021-Pass2-Z12-1623_0_20210930_230450_000";3.0;3.1;11.0;"noise";0.5;"";"";"";"";""
"Car340289-2021-Pass2-Z12-1623_0_20210930_230450_000";0.7;2.7;20.0;"Nyclei";0.99;"";"";"";"";""
"Car340289-2021-Pass2-Z12-1623_0_20210930_230546_000";"0.0";4.5;11.0;"noise";0.2;"";"";"";"";""
"Car340289-2021-Pass2-Z12-1623_0_20210930_230546_000";3.8;4.0;8.0;"piaf";0.09;"";"";"";"";""
"Car340289-2021-Pass2-Z12-1623_0_20210930_230551_000";1.9;2.0;12.0;"Tetvir";0.06;"Phogri, noise, Eupsp";"";"";"";""
"Car340289-2021-Pass2-Z12-1623_0_20210930_230552_000";0.9;2.3;12.0;"piaf";0.15;"noise";"";"";"";""
"Car340289-2021-Pass2-Z12-1623_0_20210930_230608_000";1.9;5.0;13.0;"noise";0.54;"";"";"";"";""
"Car340289-2021-Pass2-Z12-1623_0_20210930_230613_000";"0.0";0.3;11.0;"noise";0.71;"";"";"";"";""
"Car340289-2021-Pass2-Z12-1623_0_20210930_230613_000";"0.0";0.2;15.0;"Tetvir";0.03;"Rusnit, mamm";"";"";"";""
"Car340289-2021-Pass2-Z12-1623_0_20210930_230638_000";0.9;1.1;12.0;"noise";0.13;"";"";"";"";""
"Car340289-2021-Pass2-Z12-1623_0_20210930_230730_000";0.6;1.1;20.0;"Pippip";0.86;"";"";"";"";""
"Car340289-2021-Pass2-Z12-1623_0_20210930_230736_000";2.5;3.6;17.0;"noise";0.19;"";"";"";"";""
"Car340289-2021-Pass2-Z12-1623_0_20210930_230736_000";"0.0";3.6;46.0;"Pippip";0.98;"";"";"";"";""
"Car340289-2021-Pass2-Z12-1623_0_20210930_230810_000";0.9;2.0;11.0;"noise";0.79;"";"";"";"";""
"Car340289-2021-Pass2-Z12-1623_0_20210930_231014_000";"0.0";4.6;50.0;"Pippip";0.97;"";"";"";"";""
"Car340289-2021-Pass2-Z12-1623_0_20210930_231132_000";"0.0";1.8;21.0;"Pippip";0.17;"";"";"";"";""
"Car340289-2021-Pass2-Z12-1623_0_20210930_231148_000";0.1;2.0;11.0;"noise";0.68;"";"";"";"";""
"Car340289-2021-Pass2-Z12-1623_0_20210930_231814_000";0.1;4.9;33.0;"Hypsav";0.98;"";"";"";"";""
"Car340289-2021-Pass2-Z12-1623_0_20210930_231819_000";0.1;1.5;34.0;"Hypsav";0.96;"";"";"";"";""
"Car340289-2021-Pass2-Z12-1623_0_20210930_231819_000";0.3;0.4;16.0;"noise";0.09;"";"";"";"";""
"Car340289-2021-Pass2-Z12-1623_0_20210930_231832_000";0.9;1.9;22.0;"Nyclei";0.99;"";"";"";"";""
"Car340289-2021-Pass2-Z12-1623_0_20210930_231838_000";0.9;3.0;23.0;"Nyclei";0.99;"";"";"";"";""
"Car340289-2021-Pass2-Z12-1623_0_20210930_232014_000";0.5;2.0;51.0;"Pippip";0.99;"";"";"";"";""
"Car340289-2021-Pass2-Z12-1623_0_20210930_232252_000";0.6;1.5;12.0;"noise";0.9;"";"";"";"";""
"Car340289-2021-Pass2-Z12-1623_0_20210930_232614_000";0.5;5.0;50.0;"Pippip";0.99;"";"";"";"";""
"Car340289-2021-Pass2-Z12-1623_0_20210930_232619_000";"0.0";1.5;49.0;"Pippip";0.98;"";"";"";"";""
"Car340289-2021-Pass2-Z12-1623_0_20210930_233012_000";0.5;5.0;35.0;"Hypsav";0.98;"";"";"";"";""
"Car340289-2021-Pass2-Z12-1623_0_20210930_233017_000";0.2;0.8;36.0;"Hypsav";0.47;"";"";"";"";""
"Car340289-2021-Pass2-Z12-1623_0_20210930_233126_000";0.4;1.9;11.0;"noise";0.87;"";"";"";"";""
"Car340289-2021-Pass2-Z12-1623_0_20210930_233300_000";0.6;1.8;30.0;"noise";0.9;"";"";"";"";""
"Car340289-2021-Pass2-Z12-1623_0_20210930_234418_000";1.2;1.4;10.0;"noise";0.5;"";"";"";"";""
"Car340289-2021-Pass2-Z12-1623_0_20210930_234426_000";1.0;1.7;11.0;"piaf";0.34;"noise";"";"";"";""
"Car340289-2021-Pass2-Z12-1623_0_20210930_234430_000";0.9;1.3;11.0;"piaf";0.07;"noise, Tetvir";"";"";"";""
"Car340289-2021-Pass2-Z12-1623_0_20210930_234432_000";0.7;1.3;11.0;"piaf";0.09;"amph, noise";"";"";"";""
"Car340289-2021-Pass2-Z12-1623_0_20210930_234924_000";0.1;1.9;57.0;"Pippip";0.98;"";"";"";"";""
"Car340289-2021-Pass2-Z12-1623_0_20210930_235510_000";"0.0";4.9;51.0;"Pippip";0.99;"";"";"";"";""
"Car340289-2021-Pass2-Z12-1623_0_20210930_235515_000";"0.0";1.7;49.0;"Pippip";0.99;"";"";"";"";""
"Car340289-2021-Pass2-Z12-1623_0_20211001_000038_000";2.2;3.4;23.0;"noise";0.7;"";"";"";"";""
"Car340289-2021-Pass2-Z12-1623_0_20211001_000038_000";0.1;5.0;47.0;"Pipkuh";0.68;"";"";"";"";""
"Car340289-2021-Pass2-Z12-1623_0_20211001_000043_000";0.1;0.4;38.0;"Pipkuh";0.83;"";"";"";"";""
"Car340289-2021-Pass2-Z12-1623_0_20211001_000356_000";0.3;4.6;51.0;"Pippip";0.99;"";"";"";"";""
"Car340289-2021-Pass2-Z12-1623_0_20211001_000438_000";0.3;1.1;31.0;"noise";0.11;"";"";"";"";""
"Car340289-2021-Pass2-Z12-1623_0_20211001_000438_000";0.3;2.0;20.0;"Pippip";0.93;"";"";"";"";""
"Car340289-2021-Pass2-Z12-1623_0_20211001_000446_000";"0.0";3.2;54.0;"Pippip";0.98;"";"";"";"";""
"Car340289-2021-Pass2-Z12-1623_0_20211001_000450_000";0.2;2.2;20.0;"Pippip";0.96;"";"";"";"";""
"Car340289-2021-Pass2-Z12-1623_0_20211001_000506_000";1.1;1.2;17.0;"noise";0.78;"";"";"";"";""
"Car340289-2021-Pass2-Z12-1623_0_20211001_000506_000";0.7;3.1;51.0;"Pippip";0.99;"";"";"";"";""
"Car340289-2021-Pass2-Z12-1623_0_20211001_001100_000";2.8;2.9;14.0;"noise";0.88;"";"";"";"";""
"Car340289-2021-Pass2-Z12-1623_0_20211001_001100_000";0.1;5.0;52.0;"Pippip";0.99;"";"";"";"";""
"Car340289-2021-Pass2-Z12-1623_0_20211001_001104_000";1.0;1.6;10.0;"noise";0.93;"";"";"";"";""
"Car340289-2021-Pass2-Z12-1623_0_20211001_001104_000";0.9;1.1;14.0;"Phanan";0.76;"";"";"";"";""
"Car340289-2021-Pass2-Z12-1623_0_20211001_001105_000";2.5;3.1;66.0;"noise";0.72;"";"";"";"";""
"Car340289-2021-Pass2-Z12-1623_0_20211001_001105_000";"0.0";5.0;61.0;"Pippip";0.98;"";"";"";"";""
"Car340289-2021-Pass2-Z12-1623_0_20211001_001109_999";"0.0";1.6;51.0;"Pippip";0.99;"";"";"";"";""
"Car340289-2021-Pass2-Z12-1623_0_20211001_001110_000";0.4;1.5;22.0;"noise";0.91;"";"";"";"";""
"Car340289-2021-Pass2-Z12-1623_0_20211001_001130_000";2.8;3.1;36.0;"noise";0.83;"";"";"";"";""
"Car340289-2021-Pass2-Z12-1623_0_20211001_001130_000";0.3;5.0;54.0;"Pippip";0.99;"";"";"";"";""
"Car340289-2021-Pass2-Z12-1623_0_20211001_001135_000";0.1;1.0;47.0;"Pippip";0.97;"";"";"";"";""
"Car340289-2021-Pass2-Z12-1623_0_20211001_001156_000";"0.0";2.2;20.0;"Pippip";0.06;"Phanan, noise, Cyrscu";"";"";"";""
"Car340289-2021-Pass2-Z12-1623_0_20211001_001156_000";"0.0";2.2;20.0;"Isopyr";0.73;"";"";"";"";""
"Car340289-2021-Pass2-Z12-1623_0_20211001_001206_000";2.0;4.8;19.0;"noise";0.16;"";"";"";"";""
"Car340289-2021-Pass2-Z12-1623_0_20211001_001206_000";"0.0";4.9;47.0;"Pippip";0.98;"";"";"";"";""
"Car340289-2021-Pass2-Z12-1623_0_20211001_001211_000";0.2;2.4;44.0;"Pippip";0.97;"";"";"";"";""
"Car340289-2021-Pass2-Z12-1623_0_20211001_001216_000";0.6;4.5;38.0;"Pippip";0.94;"";"";"";"";""
"Car340289-2021-Pass2-Z12-1623_0_20211001_001256_000";0.7;5.0;51.0;"Pippip";0.99;"";"";"";"";""
"Car340289-2021-Pass2-Z12-1623_0_20211001_001301_000";0.1;0.3;56.0;"Pippip";0.97;"";"";"";"";""
"Car340289-2021-Pass2-Z12-1623_0_20211001_001524_000";2.4;2.5;13.0;"noise";0.34;"";"";"";"";""
"Car340289-2021-Pass2-Z12-1623_0_20211001_001524_000";0.2;4.8;52.0;"Pippip";0.99;"";"";"";"";""
"Car340289-2021-Pass2-Z12-1623_0_20211001_001612_000";1.3;1.9;45.0;"Myodau";0.12;"";"";"";"";""
"Car340289-2021-Pass2-Z12-1623_0_20211001_001612_000";0.1;1.7;21.0;"noise";0.03;"Tetvir, Rusnit, Pippip, Phanan, Isopyr";"";"";"";""
"Car340289-2021-Pass2-Z12-1623_0_20211001_001616_000";"0.0";1.5;41.0;"Myodau";0.39;"";"";"";"";""
"Car340289-2021-Pass2-Z12-1623_0_20211001_001616_000";0.1;1.6;47.0;"Pippip";0.98;"";"";"";"";""
"Car340289-2021-Pass2-Z12-1623_0_20211001_001656_000";1.0;4.1;20.0;"noise";0.04;"Phogri, Tetvir, Phanan, Cyrscu";"";"";"";""
"Car340289-2021-Pass2-Z12-1623_0_20211001_001656_000";0.9;4.6;40.0;"Pippip";0.97;"";"";"";"";""
"Car340289-2021-Pass2-Z12-1623_0_20211001_001726_000";0.4;3.1;52.0;"Pippip";0.89;"";"";"";"";""
"Car340289-2021-Pass2-Z12-1623_0_20211001_001726_000";0.4;3.0;20.0;"Isopyr";0.85;"";"";"";"";""
"Car340289-2021-Pass2-Z12-1623_0_20211001_001732_000";1.6;4.0;38.0;"noise";0.77;"";"";"";"";""
"Car340289-2021-Pass2-Z12-1623_0_20211001_001732_000";"0.0";5.0;61.0;"Pippip";0.94;"";"";"";"";""
"Car340289-2021-Pass2-Z12-1623_0_20211001_001737_000";"0.0";0.1;55.0;"Pippip";0.22;"";"";"";"";""
"Car340289-2021-Pass2-Z12-1623_0_20211001_001738_000";1.0;1.1;18.0;"noise";0.05;"Phanan";"";"";"";""
"Car340289-2021-Pass2-Z12-1623_0_20211001_001738_000";0.9;1.1;21.0;"Pippip";0.8;"";"";"";"";""
"Car340289-2021-Pass2-Z12-1623_0_20211001_001816_000";0.3;2.6;20.0;"Pippip";0.73;"";"";"";"";""
"Car340289-2021-Pass2-Z12-1623_0_20211001_001912_000";0.2;5.0;21.0;"Pippip";0.3;"";"";"";"";""
"Car340289-2021-Pass2-Z12-1623_0_20211001_001916_000";"0.0";2.5;37.0;"Pippip";0.97;"";"";"";"";""
"Car340289-2021-Pass2-Z12-1623_0_20211001_001926_000";1.0;4.4;19.0;"noise";0.13;"";"";"";"";""
"Car340289-2021-Pass2-Z12-1623_0_20211001_001926_000";0.9;4.4;41.0;"Pippip";0.97;"";"";"";"";""
"Car340289-2021-Pass2-Z12-1623_0_20211001_001931_000";0.2;0.3;19.0;"Pippip";0.55;"";"";"";"";""
"Car340289-2021-Pass2-Z12-1623_0_20211001_001956_000";"0.0";4.1;20.0;"Rusnit";0.05;"noise";"";"";"";""
"Car340289-2021-Pass2-Z12-1623_0_20211001_002004_000";0.9;3.9;39.0;"Pippip";0.94;"";"";"";"";""
"Car340289-2021-Pass2-Z12-1623_0_20211001_002016_000";3.2;3.6;28.0;"noise";0.83;"";"";"";"";""
"Car340289-2021-Pass2-Z12-1623_0_20211001_002016_000";0.2;3.9;49.0;"Pippip";0.85;"";"";"";"";""
"Car340289-2021-Pass2-Z12-1623_0_20211001_002026_000";0.4;1.2;70.0;"noise";0.53;"";"";"";"";""
"Car340289-2021-Pass2-Z12-1623_0_20211001_002026_000";"0.0";4.7;53.0;"Pippip";0.95;"";"";"";"";""
"Car340289-2021-Pass2-Z12-1623_0_20211001_002031_000";"0.0";0.2;19.0;"Pippip";0.05;"noise";"";"";"";""
"Car340289-2021-Pass2-Z12-1623_0_20211001_002106_000";0.9;4.8;19.0;"Isopyr";0.18;"Pippip";"";"";"";""
"Car340289-2021-Pass2-Z12-1623_0_20211001_002106_000";0.5;4.9;20.0;"Pippip";0.06;"noise";"";"";"";""
"Car340289-2021-Pass2-Z12-1623_0_20211001_002138_000";0.5;3.8;20.0;"Isopyr";0.08;"Pippip, Cyrscu";"";"";"";""
"Car340289-2021-Pass2-Z12-1623_0_20211001_002138_000";0.5;2.8;21.0;"noise";0.04;"Pippip, Tetvir";"";"";"";""
"Car340289-2021-Pass2-Z12-1623_0_20211001_002146_000";0.1;3.4;19.0;"noise";0.06;"Phanan, Cyrscu";"";"";"";""
"Car340289-2021-Pass2-Z12-1623_0_20211001_002146_000";"0.0";3.4;42.0;"Pippip";0.98;"";"";"";"";""
"Car340289-2021-Pass2-Z12-1623_0_20211001_002200_000";0.3;4.9;19.0;"Nycnoc";0.37;"";"";"";"";""
"Car340289-2021-Pass2-Z12-1623_0_20211001_002200_000";0.6;0.7;9.0;"noise";0.07;"Phanan";"";"";"";""
"Car340289-2021-Pass2-Z12-1623_0_20211001_002200_000";0.3;4.0;42.0;"Pippip";0.97;"";"";"";"";""
"Car340289-2021-Pass2-Z12-1623_0_20211001_002204_000";"0.0";1.1;20.0;"Pippip";0.06;"Phanan, noise";"";"";"";""
"Car340289-2021-Pass2-Z12-1623_0_20211001_002204_000";"0.0";1.9;20.0;"Isopyr";0.23;"";"";"";"";""
"Car340289-2021-Pass2-Z12-1623_0_20211001_002216_000";0.9;1.7;19.0;"Pippip";0.82;"";"";"";"";""
"Car340289-2021-Pass2-Z12-1623_0_20211001_002216_000";1.9;2.0;11.0;"noise";0.09;"";"";"";"";""
"Car340289-2021-Pass2-Z12-1623_0_20211001_002244_000";0.5;3.6;21.0;"Pippip";0.55;"";"";"";"";""
"Car340289-2021-Pass2-Z12-1623_0_20211001_002248_000";0.1;2.3;40.0;"Pippip";0.97;"";"";"";"";""
"Car340289-2021-Pass2-Z12-1623_0_20211001_002254_000";0.9;1.1;12.0;"noise";0.64;"";"";"";"";""
"Car340289-2021-Pass2-Z12-1623_0_20211001_002532_000";0.5;1.7;22.0;"Pippip";0.55;"";"";"";"";""
"Car340289-2021-Pass2-Z12-1623_0_20211001_002536_000";0.3;1.1;20.0;"Pippip";0.75;"";"";"";"";""
"Car340289-2021-Pass2-Z12-1623_0_20211001_002606_000";0.9;1.8;22.0;"Pippip";0.6;"";"";"";"";""
"Car340289-2021-Pass2-Z12-1623_0_20211001_002618_000";1.2;4.8;78.0;"noise";0.4;"";"";"";"";""
"Car340289-2021-Pass2-Z12-1623_0_20211001_002618_000";0.3;5.0;50.0;"Pippip";0.94;"";"";"";"";""
"Car340289-2021-Pass2-Z12-1623_0_20211001_002623_000";"0.0";0.6;24.0;"noise";0.38;"";"";"";"";""
"Car340289-2021-Pass2-Z12-1623_0_20211001_002623_000";"0.0";3.4;51.0;"Pippip";0.98;"";"";"";"";""
"Car340289-2021-Pass2-Z12-1623_0_20211001_002928_000";0.9;2.1;18.0;"noise";0.94;"";"";"";"";""
"Car340289-2021-Pass2-Z12-1623_0_20211001_003134_000";0.9;3.2;20.0;"noise";0.14;"";"";"";"";""
"Car340289-2021-Pass2-Z12-1623_0_20211001_003134_000";0.9;2.3;22.0;"Pippip";0.55;"";"";"";"";""
"Car340289-2021-Pass2-Z12-1623_0_20211001_003146_000";0.3;3.7;18.0;"Phanan";0.05;"noise";"";"";"";""
"Car340289-2021-Pass2-Z12-1623_0_20211001_003146_000";0.2;5.0;37.0;"Pippip";0.98;"";"";"";"";""
"Car340289-2021-Pass2-Z12-1623_0_20211001_003150_000";"0.0";1.5;37.0;"Pippip";0.96;"";"";"";"";""
"Car340289-2021-Pass2-Z12-1623_0_20211001_003151_000";2.6;2.7;16.0;"noise";0.77;"";"";"";"";""
"Car340289-2021-Pass2-Z12-1623_0_20211001_003151_000";0.5;3.4;20.0;"Pippip";0.13;"";"";"";"";""
"Car340289-2021-Pass2-Z12-1623_0_20211001_003154_000";0.9;2.3;19.0;"Isopyr";0.99;"";"";"";"";""
"Car340289-2021-Pass2-Z12-1623_0_20211001_003154_000";"0.0";1.6;21.0;"Pippip";0.84;"";"";"";"";""
"Car340289-2021-Pass2-Z12-1623_0_20211001_003232_000";0.9;1.8;20.0;"Pippip";0.79;"";"";"";"";""
"Car340289-2021-Pass2-Z12-1623_0_20211001_003236_000";"0.0";1.3;21.0;"Pippip";0.93;"";"";"";"";""
"Car340289-2021-Pass2-Z12-1623_0_20211001_003348_000";0.9;1.0;13.0;"noise";0.88;"";"";"";"";""
"Car340289-2021-Pass2-Z12-1623_0_20211001_003518_000";0.4;3.9;108.0;"Rhihip";0.99;"";"";"";"";""
"Car340289-2021-Pass2-Z12-1623_0_20211001_003534_000";0.4;1.6;22.0;"Pippip";0.89;"";"";"";"";""
"Car340289-2021-Pass2-Z12-1623_0_20211001_003540_000";0.9;1.1;19.0;"noise";0.06;"Phanan";"";"";"";""
"Car340289-2021-Pass2-Z12-1623_0_20211001_003540_000";0.2;1.8;22.0;"Pippip";0.92;"";"";"";"";""
"Car340289-2021-Pass2-Z12-1623_0_20211001_003654_000";0.3;2.2;54.0;"Minsch";0.97;"";"";"";"";""
"Car340289-2021-Pass2-Z12-1623_0_20211001_003838_000";0.2;3.3;69.0;"Myoema";0.14;"Myomys";"";"";"";""
"Car340289-2021-Pass2-Z12-1623_0_20211001_003838_000";0.2;3.1;100.0;"noise";0.51;"";"";"";"";""
"Car340289-2021-Pass2-Z12-1623_0_20211001_005018_000";0.7;1.2;12.0;"noise";0.91;"";"";"";"";""
"Car340289-2021-Pass2-Z12-1623_0_20211001_005154_000";0.9;5.0;51.0;"Pippip";0.99;"";"";"";"";""
"Car340289-2021-Pass2-Z12-1623_0_20211001_005159_000";0.2;0.7;51.0;"Pippip";0.98;"";"";"";"";""
"Car340289-2021-Pass2-Z12-1623_0_20211001_010410_000";0.2;2.2;42.0;"Pipkuh";0.98;"";"";"";"";""
"Car340289-2021-Pass2-Z12-1623_0_20211001_010414_000";0.5;2.3;43.0;"Pipkuh";0.98;"";"";"";"";""
"Car340289-2021-Pass2-Z12-1623_0_20211001_010532_000";3.7;3.8;10.0;"noise";0.84;"";"";"";"";""
"Car340289-2021-Pass2-Z12-1623_0_20211001_010532_000";0.4;5.0;48.0;"Pippip";0.99;"";"";"";"";""
"Car340289-2021-Pass2-Z12-1623_0_20211001_010537_000";"0.0";0.9;46.0;"Pippip";0.99;"";"";"";"";""
"Car340289-2021-Pass2-Z12-1623_0_20211001_010720_000";4.4;4.5;19.0;"noise";0.89;"";"";"";"";""
"Car340289-2021-Pass2-Z12-1623_0_20211001_010720_000";0.9;3.3;78.0;"Rhifer";0.99;"";"";"";"";""
"Car340289-2021-Pass2-Z12-1623_0_20211001_010826_000";0.2;4.9;44.0;"Pipkuh";0.95;"";"";"";"";""
"Car340289-2021-Pass2-Z12-1623_0_20211001_010831_000";"0.0";0.5;40.0;"Pipkuh";0.95;"";"";"";"";""
"Car340289-2021-Pass2-Z12-1623_0_20211001_012754_000";0.9;2.6;54.0;"Minsch";0.98;"";"";"";"";""
"Car340289-2021-Pass2-Z12-1623_0_20211001_012754_000";"0.0";0.1;17.0;"noise";0.64;"";"";"";"";""
"Car340289-2021-Pass2-Z12-1623_0_20211001_012954_000";1.5;1.6;12.0;"noise";0.78;"";"";"";"";""
"Car340289-2021-Pass2-Z12-1623_0_20211001_012954_000";0.9;5.0;86.0;"Rhihip";0.98;"";"";"";"";""
"Car340289-2021-Pass2-Z12-1623_0_20211001_012959_000";"0.0";0.4;77.0;"Rhihip";0.98;"";"";"";"";""
"Car340289-2021-Pass2-Z12-1623_0_20211001_013112_000";0.9;1.7;13.0;"noise";0.53;"";"";"";"";""
"Car340289-2021-Pass2-Z12-1623_0_20211001_013152_000";1.0;1.6;15.0;"noise";0.88;"";"";"";"";""
"Car340289-2021-Pass2-Z12-1623_0_20211001_013216_000";1.0;1.1;9.0;"piaf";0.45;"";"";"";"";""
"Car340289-2021-Pass2-Z12-1623_0_20211001_013712_000";0.3;1.4;56.0;"Minsch";0.84;"";"";"";"";""
"Car340289-2021-Pass2-Z12-1623_0_20211001_021216_000";0.3;1.4;11.0;"noise";0.94;"";"";"";"";""
"Car340289-2021-Pass2-Z12-1623_0_20211001_021252_000";0.2;0.3;17.0;"noise";0.73;"";"";"";"";""
"Car340289-2021-Pass2-Z12-1623_0_20211001_021944_000";0.9;1.1;15.0;"noise";0.71;"";"";"";"";""
"Car340289-2021-Pass2-Z12-1623_0_20211001_022914_000";2.6;2.7;82.0;"noise";0.94;"";"";"";"";""
"Car340289-2021-Pass2-Z12-1623_0_20211001_022923_999";1.9;2.0;21.0;"noise";0.83;"";"";"";"";""
"Car340289-2021-Pass2-Z12-1623_0_20211001_023025_000";1.1;1.2;14.0;"noise";0.24;"";"";"";"";""
"Car340289-2021-Pass2-Z12-1623_0_20211001_023059_997";3.3;3.4;16.0;"noise";0.95;"";"";"";"";""
"Car340289-2021-Pass2-Z12-1623_0_20211001_023104_996";2.4;2.5;12.0;"noise";0.81;"";"";"";"";""
"Car340289-2021-Pass2-Z12-1623_0_20211001_023106_000";1.4;1.5;37.0;"Yposp";0.05;"Leppun";"";"";"";""
"Car340289-2021-Pass2-Z12-1623_0_20211001_023106_000";0.8;2.5;17.0;"noise";0.82;"";"";"";"";""
"Car340289-2021-Pass2-Z12-1623_0_20211001_023200_000";"0.0";2.2;23.0;"noise";0.89;"";"";"";"";""
"Car340289-2021-Pass2-Z12-1623_0_20211001_023444_000";0.3;2.0;102.0;"Rhieur";0.98;"";"";"";"";""
"Car340289-2021-Pass2-Z12-1623_0_20211001_023728_000";0.8;1.8;18.0;"noise";0.94;"";"";"";"";""
"Car340289-2021-Pass2-Z12-1623_0_20211001_023730_000";0.3;1.3;15.0;"noise";0.91;"";"";"";"";""
"Car340289-2021-Pass2-Z12-1623_0_20211001_023752_000";0.9;1.7;24.0;"noise";0.89;"";"";"";"";""
"Car340289-2021-Pass2-Z12-1623_0_20211001_024316_000";0.3;1.9;48.0;"Myomys";0.04;"Myoema, Myodau, Pippip, Pipkuh, Myocap";"";"";"";""
"Car340289-2021-Pass2-Z12-1623_0_20211001_024316_000";0.4;1.8;33.0;"noise";0.84;"";"";"";"";""
"Car340289-2021-Pass2-Z12-1623_0_20211001_025052_000";0.9;1.3;55.0;"Minsch";0.69;"";"";"";"";""
"Car340289-2021-Pass2-Z12-1623_0_20211001_025118_000";0.9;1.5;14.0;"noise";0.88;"";"";"";"";""
"Car340289-2021-Pass2-Z12-1623_0_20211001_025154_000";0.9;1.1;12.0;"noise";0.78;"";"";"";"";""
"Car340289-2021-Pass2-Z12-1623_0_20211001_025230_000";0.9;3.6;55.0;"Minsch";0.97;"";"";"";"";""
"Car340289-2021-Pass2-Z12-1623_0_20211001_025548_000";1.0;1.1;13.0;"noise";0.94;"";"";"";"";""
"Car340289-2021-Pass2-Z12-1623_0_20211001_025548_000";0.8;1.3;52.0;"Pippyg";0.14;"Minsch, Pippip";"";"";"";""
"Car340289-2021-Pass2-Z12-1623_0_20211001_025844_000";0.5;2.0;27.0;"noise";0.84;"";"";"";"";""
"Car340289-2021-Pass2-Z12-1623_0_20211001_030034_000";0.9;1.8;14.0;"noise";0.91;"";"";"";"";""
"Car340289-2021-Pass2-Z12-1623_0_20211001_030448_000";0.6;2.8;17.0;"noise";0.95;"";"";"";"";""
"Car340289-2021-Pass2-Z12-1623_0_20211001_030706_000";1.0;1.1;10.0;"noise";0.71;"";"";"";"";""
"Car340289-2021-Pass2-Z12-1623_0_20211001_030710_000";0.9;1.0;12.0;"noise";0.12;"";"";"";"";""
"Car340289-2021-Pass2-Z12-1623_0_20211001_030716_000";0.9;1.1;9.0;"noise";0.67;"";"";"";"";""
"Car340289-2021-Pass2-Z12-1623_0_20211001_030946_000";0.1;2.2;109.0;"Rhihip";0.99;"";"";"";"";""
"Car340289-2021-Pass2-Z12-1623_0_20211001_031034_000";1.7;2.0;16.0;"noise";0.38;"";"";"";"";""
"Car340289-2021-Pass2-Z12-1623_0_20211001_031034_000";0.9;2.1;102.0;"Rhieur";0.99;"";"";"";"";""
"Car340289-2021-Pass2-Z12-1623_0_20211001_031206_000";0.9;1.9;25.0;"Nyclei";0.99;"";"";"";"";""
"Car340289-2021-Pass2-Z12-1623_0_20211001_035934_000";0.9;1.9;24.0;"noise";0.92;"";"";"";"";""
"Car340289-2021-Pass2-Z12-1623_0_20211001_035934_000";1.3;1.4;12.0;"Tetvir";0.15;"";"";"";"";""
"Car340289-2021-Pass2-Z12-1623_0_20211001_040000_000";0.8;1.9;13.0;"noise";0.88;"";"";"";"";""
"Car340289-2021-Pass2-Z12-1623_0_20211001_040112_000";"0.0";1.1;15.0;"noise";0.9;"";"";"";"";""
"Car340289-2021-Pass2-Z12-1623_0_20211001_040428_000";0.9;4.3;25.0;"Nyclei";0.99;"";"";"";"";""
"Car340289-2021-Pass2-Z12-1623_0_20211001_041138_000";0.9;1.1;11.0;"noise";0.54;"";"";"";"";""
"Car340289-2021-Pass2-Z12-1623_0_20211001_042624_000";1.0;1.1;12.0;"piaf";0.15;"noise";"";"";"";""
"Car340289-2021-Pass2-Z12-1623_0_20211001_042636_000";1.0;1.1;10.0;"piaf";0.14;"noise";"";"";"";""
"Car340289-2021-Pass2-Z12-1623_0_20211001_042648_000";0.9;1.0;12.0;"noise";0.83;"";"";"";"";""
"Car340289-2021-Pass2-Z12-1623_0_20211001_044256_000";0.9;1.1;14.0;"noise";0.11;"";"";"";"";""
"Car340289-2021-Pass2-Z12-1623_0_20211001_045308_000";1.0;1.1;10.0;"noise";0.15;"piaf";"";"";"";""
"Car340289-2021-Pass2-Z12-1623_0_20211001_051114_000";0.9;1.1;9.0;"piaf";0.19;"noise";"";"";"";""
"Car340289-2021-Pass2-Z12-1623_0_20211001_051514_000";0.8;1.9;18.0;"noise";0.96;"";"";"";"";""
"Car340289-2021-Pass2-Z12-1623_0_20211001_051748_000";1.0;2.0;36.0;"noise";0.08;"";"";"";"";""
"Car340289-2021-Pass2-Z12-1623_0_20211001_051748_000";1.6;2.0;54.0;"Myoema";0.06;"";"";"";"";""
"Car340289-2021-Pass2-Z12-1623_0_20211001_051748_000";0.7;1.4;17.0;"Phanan";0.82;"";"";"";"";""
"Car340289-2021-Pass2-Z12-1623_0_20211001_051756_000";0.3;2.9;15.0;"Phogri";0.14;"noise";"";"";"";""
"Car340289-2021-Pass2-Z12-1623_0_20211001_051756_000";"0.0";2.9;31.0;"Pleaus";0.75;"";"";"";"";""
"Car340289-2021-Pass2-Z12-1623_0_20211001_052928_000";0.3;1.6;14.0;"noise";0.73;"";"";"";"";""
"Car340289-2021-Pass2-Z12-1623_0_20211001_052928_000";0.2;1.9;16.0;"Phanan";0.07;"Tetvir";"";"";"";""
"Car340289-2021-Pass2-Z12-1623_0_20211001_054018_000";0.8;2.0;14.0;"noise";0.85;"";"";"";"";""
"Car340289-2021-Pass2-Z12-1623_0_20211001_055838_000";0.9;2.0;52.0;"Minsch";0.54;"";"";"";"";""
"Car340289-2021-Pass2-Z12-1623_0_20211001_061114_000";1.3;2.8;11.0;"noise";0.49;"";"";"";"";""
"Car340289-2021-Pass2-Z12-1623_0_20211001_061114_000";2.7;2.8;16.0;"piaf";0.1;"";"";"";"";""
"Car340289-2021-Pass2-Z12-1623_0_20211001_061126_000";0.4;3.7;10.0;"noise";0.71;"";"";"";"";""
"Car340289-2021-Pass2-Z12-1623_0_20211001_061126_000";0.6;3.7;15.0;"piaf";0.11;"";"";"";"";""
"Car340289-2021-Pass2-Z12-1623_0_20211001_061130_000";0.2;1.6;15.0;"piaf";0.61;"";"";"";"";""
"Car340289-2021-Pass2-Z12-1623_0_20211001_061134_000";"0.0";0.1;12.0;"noise";0.14;"";"";"";"";""
"Car340289-2021-Pass2-Z12-1623_0_20211001_061134_000";0.3;1.0;10.0;"piaf";0.81;"";"";"";"";""
"Car340289-2021-Pass2-Z12-1623_0_20211001_061148_000";1.1;4.9;15.0;"noise";0.24;"";"";"";"";""
"Car340289-2021-Pass2-Z12-1623_0_20211001_061148_000";1.2;4.9;13.0;"piaf";0.51;"";"";"";"";""
"Car340289-2021-Pass2-Z12-1623_0_20211001_061153_000";2.7;3.6;14.0;"noise";0.05;"";"";"";"";""
"Car340289-2021-Pass2-Z12-1623_0_20211001_061200_000";2.5;4.0;13.0;"noise";0.13;"";"";"";"";""
"Car340289-2021-Pass2-Z12-1623_0_20211001_061200_000";1.6;4.4;13.0;"piaf";0.45;"";"";"";"";""
"Car340289-2021-Pass2-Z12-1623_0_20211001_061205_000";"0.0";1.0;11.0;"noise";0.8;"";"";"";"";""
"Car340289-2021-Pass2-Z12-1623_0_20211001_061216_000";0.9;4.9;13.0;"noise";0.79;"";"";"";"";""
"Car340289-2021-Pass2-Z12-1623_0_20211001_061221_000";0.3;4.1;15.0;"Phanan";0.03;"Tetvir, Tadten, Pipkuh, piaf";"";"";"";""
"Car340289-2021-Pass2-Z12-1623_0_20211001_061221_000";"0.0";5.0;11.0;"noise";0.31;"Tetvir";"";"";"";""
"Car340289-2021-Pass2-Z12-1623_0_20211001_061225_999";"0.0";1.0;16.0;"piaf";0.43;"";"";"";"";""
"Car340289-2021-Pass2-Z12-1623_0_20211001_061226_000";1.2;4.9;11.0;"noise";0.62;"";"";"";"";""
"Car340289-2021-Pass2-Z12-1623_0_20211001_061231_000";0.5;2.2;11.0;"noise";0.81;"";"";"";"";""
"Car340289-2021-Pass2-Z12-1623_0_20211001_061231_000";0.5;0.8;11.0;"Phogri";0.06;"Tetvir";"";"";"";""
"Car340289-2021-Pass2-Z12-1623_0_20211001_061234_000";0.9;1.1;10.0;"noise";0.14;"piaf";"";"";"";""
"Car340289-2021-Pass2-Z12-1623_0_20211001_061254_000";1.0;4.4;10.0;"amph";0.24;"noise";"";"";"";""
"Car340289-2021-Pass2-Z12-1623_0_20211001_061254_000";0.1;2.8;13.0;"noise";0.17;"piaf";"";"";"";""
"Car340289-2021-Pass2-Z12-1623_0_20211001_061303_999";2.6;4.5;11.0;"noise";0.64;"";"";"";"";""
"Car340289-2021-Pass2-Z12-1623_0_20211001_061314_000";1.0;5.0;10.0;"noise";0.74;"";"";"";"";""
"Car340289-2021-Pass2-Z12-1623_0_20211001_061319_000";4.4;4.7;14.0;"noise";0.06;"Phogri, Tetvir, Phanan";"";"";"";""
"Car340289-2021-Pass2-Z12-1623_0_20211001_061319_000";0.4;5.0;10.0;"piaf";0.28;"";"";"";"";""
"Car340289-2021-Pass2-Z12-1623_0_20211001_061323_999";0.1;2.9;10.0;"Tetvir";0.22;"noise";"";"";"";""
"Car340289-2021-Pass2-Z12-1623_0_20211001_061326_000";1.6;4.4;16.0;"noise";0.41;"";"";"";"";""
"Car340289-2021-Pass2-Z12-1623_0_20211001_061326_000";0.9;4.7;10.0;"Tadten";0.37;"";"";"";"";""
"Car340289-2021-Pass2-Z12-1623_0_20211001_061331_000";1.8;3.0;10.0;"noise";0.68;"";"";"";"";""
"Car340289-2021-Pass2-Z12-1623_0_20211001_061331_000";1.9;2.9;15.0;"piaf";0.12;"";"";"";"";""
"Car340289-2021-Pass2-Z12-1623_0_20211001_061336_000";1.7;4.2;10.0;"amph";0.17;"piaf";"";"";"";""
"Car340289-2021-Pass2-Z12-1623_0_20211001_061336_000";3.2;3.3;15.0;"noise";0.55;"";"";"";"";""
"Car340289-2021-Pass2-Z12-1623_0_20211001_061346_000";0.1;0.2;18.0;"noise";0.62;"";"";"";"";""
"Car340289-2021-Pass2-Z12-1623_0_20211001_061346_000";1.2;1.3;12.0;"Phogri";0.13;"";"";"";"";""
"Car340289-2021-Pass2-Z12-1623_0_20211001_061346_000";1.1;2.6;10.0;"piaf";0.23;"";"";"";"";""
"Car340289-2021-Pass2-Z12-1623_0_20211001_061452_000";1.0;1.1;15.0;"noise";0.49;"";"";"";"";""
"Car340289-2021-Pass2-Z12-1623_0_20211001_061900_000";1.3;1.4;17.0;"noise";0.92;"";"";"";"";""
"Car340289-2021-Pass2-Z12-1623_0_20211001_062014_000";1.0;1.1;10.0;"piaf";0.25;"noise";"";"";"";""
"Car340289-2021-Pass2-Z12-1623_0_20211001_062432_000";0.3;1.5;14.0;"noise";0.95;"";"";"";"";""
"Car340289-2021-Pass2-Z12-1623_0_20211001_062438_000";0.9;1.2;28.0;"noise";0.91;"";"";"";"";""
"Car340289-2021-Pass2-Z12-1623_0_20211001_062438_000";0.2;1.8;14.0;"Phanan";0.65;"";"";"";"";""
"Car340289-2021-Pass2-Z12-1623_0_20211001_063210_000";0.9;2.4;13.0;"Epheph";0.55;"";"";"";"";""
"Car340289-2021-Pass2-Z12-1623_0_20211001_063314_000";0.1;2.0;15.0;"noise";0.96;"";"";"";"";""
"Car340289-2021-Pass2-Z12-1623_0_20211001_063332_000";0.2;2.9;24.0;"noise";0.72;"";"";"";"";""
"Car340289-2021-Pass2-Z12-1623_0_20211001_063332_000";0.1;2.7;14.0;"Phanan";0.2;"";"";"";"";""
"Car340289-2021-Pass2-Z12-1623_0_20211001_063412_000";0.9;3.6;106.0;"Rhihip";0.99;"";"";"";"";""
"Car340289-2021-Pass2-Z12-1623_0_20211001_063846_000";0.4;2.2;12.0;"noise";0.78;"";"";"";"";""
"Car340289-2021-Pass2-Z12-1623_0_20211001_065956_000";0.9;1.1;14.0;"piaf";0.99;"";"";"";"";""
"Car340289-2021-Pass2-Z12-1623_0_20211001_070024_000";0.6;1.1;14.0;"noise";0.79;"";"";"";"";""
"Car340289-2021-Pass2-Z12-1623_0_20211001_070030_000";0.5;1.6;14.0;"noise";0.96;"";"";"";"";""
"Car340289-2021-Pass2-Z12-1623_0_20211001_070238_000";0.9;1.1;15.0;"piaf";0.99;"";"";"";"";""
"Car340289-2021-Pass2-Z12-1623_0_20211001_070251_000";0.5;0.6;16.0;"piaf";0.32;"";"";"";"";""
"Car340289-2021-Pass2-Z12-1623_0_20211001_070316_000";0.9;1.0;7.0;"piaf";0.99;"";"";"";"";""
"Car340289-2021-Pass2-Z12-1623_0_20211001_070326_000";0.9;1.3;13.0;"piaf";0.98;"";"";"";"";""
"Car340289-2021-Pass2-Z12-1623_0_20211001_070332_000";0.9;1.1;15.0;"piaf";0.95;"";"";"";"";""
"Car340289-2021-Pass2-Z12-1623_0_20211001_070336_000";1.5;1.8;14.0;"piaf";0.96;"";"";"";"";""
"Car340289-2021-Pass2-Z12-1623_0_20211001_070346_000";1.9;2.0;15.0;"piaf";0.72;"";"";"";"";""
"Car340289-2021-Pass2-Z12-1623_0_20211001_070350_000";1.4;1.8;15.0;"piaf";0.94;"";"";"";"";""
"Car340289-2021-Pass2-Z12-1623_0_20211001_070410_000";0.9;1.4;14.0;"piaf";0.99;"";"";"";"";""
"Car340289-2021-Pass2-Z12-1623_0_20211001_070720_000";0.9;1.0;9.0;"piaf";0.39;"";"";"";"";""
"Car340289-2021-Pass2-Z12-1623_0_20211001_070754_000";1.0;1.1;23.0;"noise";0.12;"";"";"";"";""
"Car340289-2021-Pass2-Z12-1623_0_20211001_070806_000";1.0;1.1;14.0;"piaf";0.3;"";"";"";"";""
"Car340289-2021-Pass2-Z12-1623_0_20211001_070810_000";1.4;1.5;14.0;"piaf";0.63;"";"";"";"";""
"Car340289-2021-Pass2-Z12-1623_0_20211001_070824_000";1.0;1.1;14.0;"noise";0.56;"";"";"";"";""
"Car340289-2021-Pass2-Z12-1623_0_20211001_070824_000";1.1;1.7;14.0;"piaf";0.84;"";"";"";"";""
"Car340289-2021-Pass2-Z12-1623_0_20211001_070924_000";1.0;3.6;14.0;"piaf";0.98;"";"";"";"";""
"Car340289-2021-Pass2-Z12-1623_0_20211001_070936_000";0.9;1.2;14.0;"piaf";0.99;"";"";"";"";""
"Car340289-2021-Pass2-Z12-1623_0_20211001_070948_000";1.0;1.1;15.0;"piaf";0.65;"";"";"";"";""
"Car340289-2021-Pass2-Z12-1623_0_20211001_070954_000";1.0;1.1;15.0;"piaf";0.99;"";"";"";"";""
"Car340289-2021-Pass2-Z12-1623_0_20211001_071008_000";1.8;1.9;101.0;"noise";0.92;"";"";"";"";""
"Car340289-2021-Pass2-Z12-1623_0_20211001_071020_000";0.9;1.1;14.0;"piaf";0.99;"";"";"";"";""
"Car340289-2021-Pass2-Z12-1623_0_20211001_071036_000";1.1;1.2;16.0;"piaf";0.87;"";"";"";"";""
"Car340289-2021-Pass2-Z12-1623_0_20211001_071044_000";1.0;1.1;15.0;"piaf";0.68;"";"";"";"";""
"Car340289-2021-Pass2-Z12-1623_0_20211001_071218_000";1.1;1.2;13.0;"piaf";0.99;"";"";"";"";""
"Car340289-2021-Pass2-Z12-1623_0_20211001_071224_000";1.2;1.3;36.0;"noise";0.08;"";"";"";"";""
"Car340289-2021-Pass2-Z12-1623_0_20211001_071228_000";1.0;1.1;32.0;"noise";0.07;"piaf";"";"";"";""
"Car340289-2021-Pass2-Z12-1623_0_20211001_071228_000";1.0;1.1;45.0;"Pippip";0.79;"";"";"";"";""
"Car340289-2021-Pass2-Z12-1623_0_20211001_071726_000";1.0;1.1;8.0;"noise";0.92;"";"";"";"";""
"Car340289-2021-Pass2-Z12-1623_0_20211001_071912_000";0.9;1.0;13.0;"piaf";0.99;"";"";"";"";""
"Car340289-2021-Pass2-Z12-1623_0_20211001_071920_000";1.0;1.1;14.0;"piaf";0.65;"";"";"";"";""
"Car340289-2021-Pass2-Z12-1623_0_20211001_071936_000";0.9;1.3;14.0;"piaf";0.89;"";"";"";"";""
"Car340289-2021-Pass2-Z12-1623_0_20211001_071946_000";1.0;1.2;14.0;"piaf";0.99;"";"";"";"";""
"Car340289-2021-Pass2-Z12-1623_0_20211001_071951_000";0.3;0.5;15.0;"piaf";0.96;"";"";"";"";""
"Car340289-2021-Pass2-Z12-1623_0_20211001_071952_000";1.2;1.3;14.0;"piaf";0.36;"";"";"";"";""
"Car340289-2021-Pass2-Z12-1623_0_20211001_072200_000";0.9;1.1;14.0;"piaf";0.66;"";"";"";"";""
"Car340289-2021-Pass2-Z12-1623_0_20211001_072205_000";4.6;4.7;15.0;"noise";0.64;"";"";"";"";""
"Car340289-2021-Pass2-Z12-1623_0_20211001_072214_999";0.4;0.8;15.0;"noise";0.1;"";"";"";"";""
"Car340289-2021-Pass2-Z12-1623_0_20211001_072219_998";1.4;1.7;15.0;"noise";0.09;"Phogri";"";"";"";""
"Car340289-2021-Pass2-Z12-1623_0_20211001_072224_998";4.2;4.6;15.0;"Phogri";0.06;"noise, Tetvir";"";"";"";""
"Car340289-2021-Pass2-Z12-1623_0_20211001_072224_998";2.1;4.6;12.0;"piaf";0.61;"";"";"";"";""
"Car340289-2021-Pass2-Z12-1623_0_20211001_072234_997";1.3;1.9;15.0;"Phogri";0.07;"noise";"";"";"";""
"Car340289-2021-Pass2-Z12-1623_0_20211001_072239_997";2.4;2.9;14.0;"Phogri";0.03;"Tetvir, Phanan";"";"";"";""
"Car340289-2021-Pass2-Z12-1623_0_20211001_072239_997";2.3;2.9;15.0;"noise";0.22;"Tetvir";"";"";"";""
"Car340289-2021-Pass2-Z12-1623_0_20211001_072244_996";4.2;4.8;15.0;"Tetvir";0.21;"noise";"";"";"";""
"Car340289-2021-Pass2-Z12-1623_0_20211001_072310_000";0.9;1.1;13.0;"piaf";0.27;"";"";"";"";""
"Car340289-2021-Pass2-Z12-1623_0_20211001_072332_000";1.0;1.1;14.0;"piaf";0.65;"";"";"";"";""
"Car340289-2021-Pass2-Z12-1623_0_20211001_072338_000";1.0;1.1;13.0;"piaf";0.62;"";"";"";"";""
"Car340289-2021-Pass2-Z12-1623_0_20211001_072346_000";2.1;4.6;42.0;"noise";0.86;"";"";"";"";""
"Car340289-2021-Pass2-Z12-1623_0_20211001_072356_000";1.9;2.0;13.0;"piaf";0.94;"";"";"";"";""
"Car340289-2021-Pass2-Z12-1623_0_20211001_072418_000";1.0;1.1;12.0;"piaf";0.57;"";"";"";"";""
"Car340289-2021-Pass2-Z12-1623_0_20211001_072424_000";0.9;1.1;13.0;"piaf";0.87;"";"";"";"";""
"Car340289-2021-Pass2-Z12-1623_0_20211001_072458_000";1.4;1.5;20.0;"noise";0.9;"";"";"";"";""
"Car340289-2021-Pass2-Z12-1623_0_20211001_072512_000";0.9;1.1;13.0;"piaf";0.99;"";"";"";"";""
"Car340289-2021-Pass2-Z12-1623_0_20211001_072518_000";1.3;1.4;16.0;"piaf";0.61;"";"";"";"";""
"Car340289-2021-Pass2-Z12-1623_0_20211001_072524_000";0.1;1.2;12.0;"piaf";0.53;"";"";"";"";""
"Car340289-2021-Pass2-Z12-1623_0_20211001_072530_000";0.9;1.1;14.0;"piaf";0.25;"";"";"";"";""
"Car340289-2021-Pass2-Z12-1623_0_20211001_072534_000";1.0;1.3;14.0;"piaf";0.7;"";"";"";"";""
"Car340289-2021-Pass2-Z12-1623_0_20211001_072540_000";1.2;1.3;14.0;"piaf";0.99;"";"";"";"";""
"Car340289-2021-Pass2-Z12-1623_0_20211001_072552_000";1.0;1.1;13.0;"piaf";0.39;"";"";"";"";""
"Car340289-2021-Pass2-Z12-1623_0_20211001_072556_000";1.5;1.6;14.0;"piaf";0.39;"";"";"";"";""
"Car340289-2021-Pass2-Z12-1623_0_20211001_072606_000";4.8;4.9;14.0;"piaf";0.99;"";"";"";"";""
"Car340289-2021-Pass2-Z12-1623_0_20211001_072611_000";"0.0";0.1;14.0;"piaf";0.36;"";"";"";"";""
"Car340289-2021-Pass2-Z12-1623_0_20211001_072616_000";0.2;0.3;8.0;"piaf";0.91;"";"";"";"";""
"Car340289-2021-Pass2-Z12-1623_0_20211001_072728_000";1.0;1.1;9.0;"noise";0.81;"";"";"";"";""
"Car340289-2021-Pass2-Z12-1623_0_20211001_072746_000";0.9;4.2;13.0;"piaf";0.95;"";"";"";"";""
"Car340289-2021-Pass2-Z12-1623_0_20211001_072751_000";"0.0";0.1;101.0;"noise";0.9;"";"";"";"";""
"Car340289-2021-Pass2-Z12-1623_0_20211001_072758_000";1.0;1.1;8.0;"piaf";0.99;"";"";"";"";""
"Car340289-2021-Pass2-Z12-1623_0_20211001_073042_000";1.5;1.6;98.0;"noise";0.93;"";"";"";"";""
"Car340289-2021-Pass2-Z12-1623_0_20211001_073100_000";0.9;1.1;14.0;"piaf";0.85;"";"";"";"";""
"Car340289-2021-Pass2-Z12-1623_0_20211001_073108_000";0.9;1.1;14.0;"piaf";0.96;"";"";"";"";""
"Car340289-2021-Pass2-Z12-1623_0_20211001_073111_997";3.2;3.3;15.0;"noise";0.81;"";"";"";"";""
"Car340289-2021-Pass2-Z12-1623_0_20211001_073128_000";1.0;1.9;14.0;"piaf";0.94;"";"";"";"";""
"Car340289-2021-Pass2-Z12-1623_0_20211001_073152_000";0.9;1.1;15.0;"piaf";0.56;"";"";"";"";""
"Car340289-2021-Pass2-Z12-1623_0_20211001_073428_000";0.9;1.0;22.0;"noise";0.09;"piaf";"";"";"";""
"Car340289-2021-Pass2-Z12-1623_0_20211001_073432_000";1.0;1.1;18.0;"piaf";0.81;"";"";"";"";""
"Car340289-2021-Pass2-Z12-1623_0_20211001_073438_000";1.0;1.2;14.0;"piaf";0.99;"";"";"";"";""
"Car340289-2021-Pass2-Z12-1623_0_20211001_073446_000";1.0;1.1;22.0;"piaf";0.23;"";"";"";"";""
"Car340289-2021-Pass2-Z12-1623_0_20211001_073450_000";1.0;1.1;21.0;"noise";0.12;"";"";"";"";""
"Car340289-2021-Pass2-Z12-1623_0_20211001_073456_000";0.9;1.1;14.0;"piaf";0.57;"";"";"";"";""
"Car340289-2021-Pass2-Z12-1623_0_20211001_073526_000";1.0;2.4;15.0;"piaf";0.32;"";"";"";"";""
"Car340289-2021-Pass2-Z12-1623_0_20211001_074130_000";0.6;1.1;13.0;"noise";0.86;"";"";"";"";""
"Car340289-2021-Pass2-Z12-1623_0_20211001_074200_000";0.9;1.2;13.0;"piaf";0.21;"";"";"";"";""
"Car340289-2021-Pass2-Z12-1623_0_20211001_074312_000";1.0;1.1;13.0;"piaf";0.11;"noise";"";"";"";""
"Car340289-2021-Pass2-Z12-1623_0_20211001_074334_000";1.2;1.4;13.0;"piaf";0.14;"noise";"";"";"";""
"Car340289-2021-Pass2-Z12-1623_0_20211001_074344_000";2.0;2.1;16.0;"noise";0.46;"";"";"";"";""
"Car340289-2021-Pass2-Z12-1623_0_20211001_074416_000";0.9;1.2;14.0;"piaf";0.18;"noise";"";"";"";""
"Car340289-2021-Pass2-Z12-1623_0_20211001_074420_000";0.9;1.7;14.0;"noise";0.85;"";"";"";"";""
"Car340289-2021-Pass2-Z12-1623_0_20211001_074434_000";1.7;1.8;12.0;"noise";0.7;"";"";"";"";""
